# ************************************************************
# Sequel Pro SQL dump
# Version 4541
#
# http://www.sequelpro.com/
# https://github.com/sequelpro/sequelpro
#
# Host: 127.0.0.1 (MySQL 5.6.17-log)
# Database: zcurd_base
# Generation Time: 2017-05-18 14:45:31 +0000
# ************************************************************


/*!40101 SET @OLD_CHARACTER_SET_CLIENT=@@CHARACTER_SET_CLIENT */;
/*!40101 SET @OLD_CHARACTER_SET_RESULTS=@@CHARACTER_SET_RESULTS */;
/*!40101 SET @OLD_COLLATION_CONNECTION=@@COLLATION_CONNECTION */;
/*!40101 SET NAMES utf8 */;
/*!40014 SET @OLD_FOREIGN_KEY_CHECKS=@@FOREIGN_KEY_CHECKS, FOREIGN_KEY_CHECKS=0 */;
/*!40101 SET @OLD_SQL_MODE=@@SQL_MODE, SQL_MODE='NO_AUTO_VALUE_ON_ZERO' */;
/*!40111 SET @OLD_SQL_NOTES=@@SQL_NOTES, SQL_NOTES=0 */;


# Dump of table common_file
# ------------------------------------------------------------

DROP TABLE IF EXISTS `common_file`;

CREATE TABLE `common_file` (
  `id` int(11) unsigned NOT NULL AUTO_INCREMENT,
  `type` int(11) NOT NULL COMMENT '分类（1：图片，2：文件）',
  `path` varchar(200) NOT NULL DEFAULT '' COMMENT '图片地址',
  `sys_user_id` int(11) NOT NULL COMMENT '系统用户',
  `create_time` timestamp NOT NULL DEFAULT CURRENT_TIMESTAMP COMMENT '创建时间',
  PRIMARY KEY (`id`)
) ENGINE=InnoDB DEFAULT CHARSET=utf8 COMMENT='文件管理';

LOCK TABLES `common_file` WRITE;
/*!40000 ALTER TABLE `common_file` DISABLE KEYS */;

INSERT INTO `common_file` (`id`, `type`, `path`, `sys_user_id`, `create_time`)
VALUES
	(1,1,'P41025-1754072.jpg',8,'2016-12-21 00:36:24'),
	(2,1,'P41025-154800.jpg',8,'2016-12-21 00:40:14'),
	(3,1,'P41025-1753192.jpg',8,'2016-12-21 00:41:00'),
	(4,1,'P41025-1758078.jpg',8,'2016-12-21 00:45:39'),
	(5,1,'P41025-1757555.jpg',8,'2016-12-21 00:45:42'),
	(6,1,'P41025-1757528.jpg',8,'2016-12-21 00:45:45'),
	(7,1,'P41025-1754153.jpg',8,'2016-12-21 00:45:48'),
	(8,1,'P41025-1757529.jpg',8,'2016-12-21 00:54:42'),
	(9,1,'P41025-1754154.jpg',8,'2016-12-21 00:55:20');

/*!40000 ALTER TABLE `common_file` ENABLE KEYS */;
UNLOCK TABLES;


# Dump of table sys_dict
# ------------------------------------------------------------

DROP TABLE IF EXISTS `sys_dict`;

CREATE TABLE `sys_dict` (
  `id` int(11) unsigned NOT NULL AUTO_INCREMENT COMMENT 'id',
  `dict_type` varchar(50) NOT NULL DEFAULT '' COMMENT '类型',
  `dict_key` varchar(50) NOT NULL DEFAULT '' COMMENT '键',
  `dict_value` varchar(100) NOT NULL DEFAULT '' COMMENT '值',
  `create_time` timestamp NOT NULL DEFAULT CURRENT_TIMESTAMP ON UPDATE CURRENT_TIMESTAMP COMMENT '创建时间',
  PRIMARY KEY (`id`)
) ENGINE=InnoDB DEFAULT CHARSET=utf8 COMMENT='数据字典';

LOCK TABLES `sys_dict` WRITE;
/*!40000 ALTER TABLE `sys_dict` DISABLE KEYS */;

INSERT INTO `sys_dict` (`id`, `dict_type`, `dict_key`, `dict_value`, `create_time`)
VALUES
	(1,'datarule_symbol','=','=','2016-03-01 22:42:05'),
	(2,'datarule_symbol','>','>','2016-03-01 22:42:21'),
	(3,'datarule_symbol','<','<','2016-03-01 22:42:28'),
	(6,'db_source','zcurd_base','基本库','2016-09-18 17:25:49'),
	(7,'db_source','zcurd_busi','业务库','2016-09-18 17:25:54'),
	(8,'task_type','1','url','2017-03-12 23:29:43'),
	(9,'task_type','2','sql','2017-03-12 23:29:51'),
	(10,'task_statu','1','等待运行','2017-03-12 23:31:55'),
	(11,'task_statu','2','已停止','2017-03-12 23:32:12'),
	(12,'task_type','3','ITask','2017-03-18 14:47:57'),
	(13,'task_statu','3','运行中','2017-03-28 23:26:26');

/*!40000 ALTER TABLE `sys_dict` ENABLE KEYS */;
UNLOCK TABLES;


# Dump of table sys_menu
# ------------------------------------------------------------

DROP TABLE IF EXISTS `sys_menu`;

CREATE TABLE `sys_menu` (
  `id` int(11) NOT NULL AUTO_INCREMENT COMMENT 'id',
  `menu_name` varchar(100) DEFAULT NULL COMMENT '菜单名称',
  `menu_url` varchar(100) DEFAULT NULL COMMENT '菜单地址',
  `parent_id` int(11) DEFAULT NULL COMMENT '所属菜单',
  `icon` varchar(50) DEFAULT NULL COMMENT '图标',
  `order_num` int(11) DEFAULT NULL COMMENT '顺序',
  `create_time` timestamp NOT NULL DEFAULT CURRENT_TIMESTAMP COMMENT '创建时间',
  PRIMARY KEY (`id`)
) ENGINE=InnoDB DEFAULT CHARSET=utf8 COMMENT='菜单';

LOCK TABLES `sys_menu` WRITE;
/*!40000 ALTER TABLE `sys_menu` DISABLE KEYS */;

INSERT INTO `sys_menu` (`id`, `menu_name`, `menu_url`, `parent_id`, `icon`, `order_num`, `create_time`)
VALUES
	(1,'系统管理',NULL,0,'glyphicon-cog',6,'2016-01-06 19:37:31'),
	(2,'在线表单','/zcurdHead/list',1,'glyphicon-cloud',1,'2016-01-07 21:41:21'),
	(3,'菜单管理','/menu/list',1,'glyphicon-menu-hamburger',5,'2016-01-06 19:37:38'),
	(4,'字典管理','/zcurd/7/listPage',1,'glyphicon-book',6,'2016-02-29 11:44:07'),
	(5,'用户管理',NULL,0,'glyphicon-user',5,'2016-01-06 19:37:31'),
	(6,'角色管理','/zcurd/8/listPage',5,'glyphicon-user',1,'2016-01-07 03:32:08'),
	(7,'系统用户','/zcurd/12/listPage',5,'glyphicon-king',2,'2016-02-16 03:59:22'),
	(9,'内容管理',NULL,0,'glyphicon-search',2,'2016-09-12 22:10:51'),
	(10,'客户管理','/zcurd/15/listPage',9,'glyphicon-th-list',1,'2016-09-12 22:11:26'),
	(11,'大盘数据','/zcurd/16/listPage',9,'glyphicon-flag',2,'2016-09-12 22:12:33'),
	(12,'小说采集','/zcurd/17/listPage',9,'glyphicon-cd',0,'2016-09-18 18:55:28'),
	(13,'操作日志','/oplog/listPage',1,'glyphicon-time',7,'2016-10-16 10:08:02'),
	(14,'图片管理','/zcurd/18/listPage',9,'glyphicon-picture',3,'2016-12-21 01:12:05'),
	(15,'定时任务','/task/listPage',1,'glyphicon-tasks',2,'2017-03-15 23:55:04');

/*!40000 ALTER TABLE `sys_menu` ENABLE KEYS */;
UNLOCK TABLES;


# Dump of table sys_menu_btn
# ------------------------------------------------------------

DROP TABLE IF EXISTS `sys_menu_btn`;

CREATE TABLE `sys_menu_btn` (
  `id` int(11) NOT NULL AUTO_INCREMENT COMMENT 'id',
  `menu_id` int(11) DEFAULT NULL COMMENT '所属菜单',
  `btn_name` varchar(100) DEFAULT NULL COMMENT '按钮名称',
  `class_name` varchar(100) DEFAULT NULL COMMENT '页面class名称',
  `method_name` varchar(100) DEFAULT NULL COMMENT '后台method名称',
  `create_time` timestamp NOT NULL DEFAULT CURRENT_TIMESTAMP COMMENT '创建时间',
  PRIMARY KEY (`id`),
  KEY `FK_Reference_1` (`menu_id`),
  CONSTRAINT `FK_Reference_1` FOREIGN KEY (`menu_id`) REFERENCES `sys_menu` (`id`) ON DELETE CASCADE
) ENGINE=InnoDB DEFAULT CHARSET=utf8 COMMENT='菜单按钮';

LOCK TABLES `sys_menu_btn` WRITE;
/*!40000 ALTER TABLE `sys_menu_btn` DISABLE KEYS */;

INSERT INTO `sys_menu_btn` (`id`, `menu_id`, `btn_name`, `class_name`, `method_name`, `create_time`)
VALUES
	(3,12,'增加','addBtn','add,addPage','2016-10-16 13:55:52'),
	(4,12,'修改','updateBtn','update,updatePage','2016-10-16 13:55:52'),
	(5,12,'删除','delBtn','delete','2016-10-16 13:55:52'),
	(6,12,'导出','exportBtn','exportCsv','2016-10-16 13:55:52'),
	(7,10,'增加','addBtn','add,addPage','2016-10-16 14:11:44'),
	(8,10,'修改','updateBtn','update,updatePage','2016-10-16 14:11:44'),
	(9,10,'删除','delBtn','delete','2016-10-16 14:11:44'),
	(10,10,'导出','exportBtn','exportCsv','2016-10-16 14:11:44'),
	(11,11,'增加','addBtn','add,addPage','2016-10-16 14:14:28'),
	(12,11,'修改','updateBtn','update,updatePage','2016-10-16 14:14:28'),
	(13,11,'删除','delBtn','delete','2016-10-16 14:14:28'),
	(14,11,'导出','exportBtn','exportCsv','2016-10-16 14:14:28'),
	(15,14,'增加','addBtn','add,addPage','2016-12-21 22:52:59'),
	(16,14,'修改','updateBtn','update,updatePage','2016-12-21 22:52:59'),
	(17,14,'删除','delBtn','delete','2016-12-21 22:52:59'),
	(18,14,'导出','exportBtn','exportCsv','2016-12-21 22:52:59'),
	(19,6,'增加','addBtn','add,addPage','2016-12-21 22:55:21'),
	(20,6,'修改','updateBtn','update,updatePage','2016-12-21 22:55:21'),
	(21,6,'删除','delBtn','delete','2016-12-21 22:55:21'),
	(22,6,'导出','exportBtn','exportCsv','2016-12-21 22:55:21'),
	(23,7,'增加','addBtn','add,addPage','2016-12-21 22:56:44'),
	(24,7,'修改','updateBtn','update,updatePage','2016-12-21 22:56:44'),
	(25,7,'删除','delBtn','delete','2016-12-21 22:56:44'),
	(26,7,'导出','exportBtn','exportCsv','2016-12-21 22:56:44'),
	(29,2,'删除','delBtn','delete','2016-12-21 22:58:28'),
	(31,3,'增加','addBtn','add,addPage','2016-12-21 23:01:15'),
	(32,3,'修改','updateBtn','update,updatePage','2016-12-21 23:01:15'),
	(33,3,'删除','delBtn','delete','2016-12-21 23:01:15'),
	(34,3,'导出','exportBtn','exportCsv','2016-12-21 23:01:15'),
	(35,4,'增加','addBtn','add,addPage','2016-12-21 23:01:28'),
	(36,4,'修改','updateBtn','update,updatePage','2016-12-21 23:01:28'),
	(37,4,'删除','delBtn','delete','2016-12-21 23:01:28'),
	(38,4,'导出','exportBtn','exportCsv','2016-12-21 23:01:28'),
	(39,7,'重置密码','exBtn4','/user/resetPassword','2017-01-27 15:07:20'),
	(40,15,'增加','addBtn','add,addPage','2017-04-07 23:34:52'),
	(41,15,'修改','updateBtn','update,updatePage','2017-04-07 23:34:52'),
	(42,15,'删除','delBtn','delete','2017-04-07 23:34:52'),
	(43,15,'导出','exportBtn','exportCsv','2017-04-07 23:34:52');

/*!40000 ALTER TABLE `sys_menu_btn` ENABLE KEYS */;
UNLOCK TABLES;


# Dump of table sys_menu_datarule
# ------------------------------------------------------------

DROP TABLE IF EXISTS `sys_menu_datarule`;

CREATE TABLE `sys_menu_datarule` (
  `id` int(11) unsigned NOT NULL AUTO_INCREMENT COMMENT 'id',
  `menu_id` int(11) DEFAULT NULL COMMENT '菜单',
  `field_name` varchar(50) DEFAULT NULL COMMENT '字段名称',
  `symbol` varchar(50) DEFAULT NULL COMMENT '符号',
  `value` varchar(100) DEFAULT NULL COMMENT 'sql条件值',
  `create_time` timestamp NULL DEFAULT CURRENT_TIMESTAMP COMMENT '创建时间',
  PRIMARY KEY (`id`)
) ENGINE=InnoDB DEFAULT CHARSET=utf8;

LOCK TABLES `sys_menu_datarule` WRITE;
/*!40000 ALTER TABLE `sys_menu_datarule` DISABLE KEYS */;

INSERT INTO `sys_menu_datarule` (`id`, `menu_id`, `field_name`, `symbol`, `value`, `create_time`)
VALUES
	(3,12,'status','<','${user.id}','2016-09-27 00:16:00'),
	(4,6,'id','>','2','2016-12-21 22:56:25'),
	(5,7,'id','>','10','2016-12-21 22:57:56'),
	(6,2,'id','>','18','2016-12-21 23:01:01'),
	(7,2,'id','!=','24','2017-04-07 23:46:44');

/*!40000 ALTER TABLE `sys_menu_datarule` ENABLE KEYS */;
UNLOCK TABLES;


# Dump of table sys_oplog
# ------------------------------------------------------------

DROP TABLE IF EXISTS `sys_oplog`;

CREATE TABLE `sys_oplog` (
  `id` int(11) NOT NULL AUTO_INCREMENT COMMENT 'id',
  `user_id` int(11) DEFAULT NULL COMMENT '用户',
  `op_content` varchar(1000) DEFAULT NULL COMMENT '操作内容',
  `ip` varchar(100) DEFAULT NULL COMMENT 'ip',
  `create_time` datetime DEFAULT NULL COMMENT '创建时间',
  PRIMARY KEY (`id`)
) ENGINE=MyISAM DEFAULT CHARSET=utf8 COMMENT='系统操作日志';

LOCK TABLES `sys_oplog` WRITE;
/*!40000 ALTER TABLE `sys_oplog` DISABLE KEYS */;

INSERT INTO `sys_oplog` (`id`, `user_id`, `op_content`, `ip`, `create_time`)
VALUES
	(1,7,'登陆系统','0:0:0:0:0:0:0:1','2016-10-17 00:13:36'),
	(2,7,'退出系统','0:0:0:0:0:0:0:1','2016-10-17 00:14:13'),
	(3,1,'登陆系统','0:0:0:0:0:0:0:1','2016-10-17 00:14:15'),
	(4,1,'登陆系统','0:0:0:0:0:0:0:1','2016-10-18 22:49:24'),
	(5,1,'登陆系统','0:0:0:0:0:0:0:1','2016-10-19 23:41:20'),
	(6,1,'登陆系统','0:0:0:0:0:0:0:1','2016-10-21 02:34:19'),
	(7,1,'登陆系统','0:0:0:0:0:0:0:1','2016-10-21 11:31:14'),
	(8,1,'登陆系统','0:0:0:0:0:0:0:1','2016-10-21 11:31:20'),
	(9,1,'[在线表单] 修改','0:0:0:0:0:0:0:1','2016-10-21 13:47:29'),
	(10,1,'登陆系统','0:0:0:0:0:0:0:1','2016-10-22 11:15:25'),
	(11,1,'[在线表单] 修改','0:0:0:0:0:0:0:1','2016-10-22 11:47:05'),
	(12,1,'[在线表单] 修改','0:0:0:0:0:0:0:1','2016-10-22 11:47:38'),
	(13,1,'[在线表单] 修改','0:0:0:0:0:0:0:1','2016-10-22 11:50:30'),
	(14,1,'[在线表单] 修改','0:0:0:0:0:0:0:1','2016-10-22 11:51:32'),
	(15,1,'[在线表单] 修改','0:0:0:0:0:0:0:1','2016-10-22 11:54:28'),
	(16,1,'[在线表单] 修改','0:0:0:0:0:0:0:1','2016-10-22 11:59:10'),
	(17,1,'[在线表单] 修改','0:0:0:0:0:0:0:1','2016-10-22 11:59:22'),
	(18,1,'[在线表单] 修改','0:0:0:0:0:0:0:1','2016-10-22 12:00:34'),
	(19,1,'[在线表单] 修改','0:0:0:0:0:0:0:1','2016-10-22 12:00:49'),
	(20,1,'[角色管理] 增加','0:0:0:0:0:0:0:1','2016-10-22 12:00:57'),
	(21,1,'[角色管理] 删除','0:0:0:0:0:0:0:1','2016-10-22 12:01:00'),
	(22,1,'[在线表单] 修改','0:0:0:0:0:0:0:1','2016-10-22 12:07:48'),
	(23,1,'[在线表单] 修改','0:0:0:0:0:0:0:1','2016-10-22 12:09:03'),
	(24,1,'[在线表单] 修改','0:0:0:0:0:0:0:1','2016-10-22 14:06:30'),
	(25,1,'[在线表单] 修改','0:0:0:0:0:0:0:1','2016-10-22 14:09:37'),
	(26,1,'[小说管理] 增加','0:0:0:0:0:0:0:1','2016-10-22 14:15:04'),
	(27,1,'登陆系统','0:0:0:0:0:0:0:1','2016-10-22 20:28:12'),
	(28,1,'[在线表单] 修改','0:0:0:0:0:0:0:1','2016-10-22 20:48:17'),
	(29,1,'[在线表单] 生成代码','0:0:0:0:0:0:0:1','2016-10-22 21:11:39'),
	(30,1,'退出系统','0:0:0:0:0:0:0:1','2016-10-22 21:27:45'),
	(31,7,'登陆系统','0:0:0:0:0:0:0:1','2016-10-22 21:27:56'),
	(32,7,'退出系统','0:0:0:0:0:0:0:1','2016-10-22 21:27:59'),
	(33,1,'登陆系统','0:0:0:0:0:0:0:1','2016-10-22 21:28:18'),
	(34,1,'[股票历史数据] 删除','0:0:0:0:0:0:0:1','2016-10-22 21:41:49'),
	(35,1,'登陆系统','0:0:0:0:0:0:0:1','2016-10-29 16:57:36'),
	(36,1,'登陆系统','0:0:0:0:0:0:0:1','2016-10-29 16:59:00'),
	(37,1,'[用户管理] 删除','0:0:0:0:0:0:0:1','2016-10-29 16:59:22'),
	(38,1,'[用户管理] 修改','0:0:0:0:0:0:0:1','2016-10-29 16:59:29'),
	(39,1,'[用户管理] 增加','0:0:0:0:0:0:0:1','2016-10-29 16:59:45'),
	(40,1,'退出系统','0:0:0:0:0:0:0:1','2016-10-29 16:59:52'),
	(41,8,'登陆系统','0:0:0:0:0:0:0:1','2016-10-29 16:59:52'),
	(42,8,'退出系统','0:0:0:0:0:0:0:1','2016-10-29 16:59:57'),
	(43,1,'登陆系统','0:0:0:0:0:0:0:1','2016-10-29 17:00:03'),
	(44,8,'登陆系统','0:0:0:0:0:0:0:1','2016-10-29 19:43:30'),
	(45,8,'退出系统','0:0:0:0:0:0:0:1','2016-10-29 20:36:50'),
	(46,8,'登陆系统','0:0:0:0:0:0:0:1','2016-10-29 20:36:50'),
	(47,8,'登陆系统','0:0:0:0:0:0:0:1','2016-10-30 01:44:29'),
	(48,8,'[菜单数据（权限编辑）] 修改','0:0:0:0:0:0:0:1','2016-10-30 01:51:50'),
	(49,8,'退出系统','0:0:0:0:0:0:0:1','2016-10-30 01:51:54'),
	(50,8,'登陆系统','0:0:0:0:0:0:0:1','2016-10-30 01:51:54'),
	(51,8,'退出系统','0:0:0:0:0:0:0:1','2016-10-30 01:52:29'),
	(52,8,'登陆系统','0:0:0:0:0:0:0:1','2016-10-30 01:52:31'),
	(53,8,'退出系统','0:0:0:0:0:0:0:1','2016-10-30 01:52:51'),
	(54,8,'登陆系统','0:0:0:0:0:0:0:1','2016-10-30 01:52:53'),
	(55,8,'退出系统','0:0:0:0:0:0:0:1','2016-10-30 01:53:18'),
	(56,8,'登陆系统','0:0:0:0:0:0:0:1','2016-10-30 01:53:20'),
	(57,8,'退出系统','0:0:0:0:0:0:0:1','2016-10-30 01:53:50'),
	(58,8,'登陆系统','0:0:0:0:0:0:0:1','2016-10-30 01:54:22'),
	(59,8,'退出系统','0:0:0:0:0:0:0:1','2016-10-30 02:02:59'),
	(60,8,'登陆系统','0:0:0:0:0:0:0:1','2016-10-30 02:02:59'),
	(61,8,'[菜单数据（权限编辑）] 删除','0:0:0:0:0:0:0:1','2016-10-30 02:06:35'),
	(62,8,'退出系统','0:0:0:0:0:0:0:1','2016-10-30 02:06:42'),
	(63,8,'登陆系统','0:0:0:0:0:0:0:1','2016-10-30 02:06:42'),
	(64,8,'[菜单数据（权限编辑）] 修改','0:0:0:0:0:0:0:1','2016-10-30 02:07:27'),
	(65,8,'退出系统','0:0:0:0:0:0:0:1','2016-10-30 02:07:31'),
	(66,8,'登陆系统','0:0:0:0:0:0:0:1','2016-10-30 02:07:32'),
	(67,8,'[在线表单] 修改','0:0:0:0:0:0:0:1','2016-10-30 02:07:58'),
	(68,8,'退出系统','0:0:0:0:0:0:0:1','2016-10-30 02:08:25'),
	(69,1,'登陆系统','0:0:0:0:0:0:0:1','2016-10-30 02:08:33'),
	(70,1,'登陆系统','0:0:0:0:0:0:0:1','2016-10-30 02:12:30'),
	(71,8,'登陆系统','0:0:0:0:0:0:0:1','2016-11-05 14:09:38'),
	(72,8,'登陆系统','0:0:0:0:0:0:0:1','2016-11-17 23:54:29'),
	(73,8,'退出系统','0:0:0:0:0:0:0:1','2016-11-17 23:54:32'),
	(74,8,'登陆系统','0:0:0:0:0:0:0:1','2016-11-17 23:58:58'),
	(75,8,'退出系统','0:0:0:0:0:0:0:1','2016-11-17 23:59:03'),
	(76,8,'登陆系统','0:0:0:0:0:0:0:1','2016-11-17 23:59:10'),
	(77,8,'退出系统','0:0:0:0:0:0:0:1','2016-11-17 23:59:13'),
	(78,1,'登陆系统','0:0:0:0:0:0:0:1','2016-11-18 00:11:28'),
	(79,1,'退出系统','0:0:0:0:0:0:0:1','2016-11-18 00:11:35'),
	(80,1,'登陆系统','0:0:0:0:0:0:0:1','2016-11-18 00:11:41'),
	(81,1,'退出系统','0:0:0:0:0:0:0:1','2016-11-18 00:11:48'),
	(82,1,'登陆系统','0:0:0:0:0:0:0:1','2016-11-18 00:11:55'),
	(83,1,'退出系统','0:0:0:0:0:0:0:1','2016-11-18 00:12:00'),
	(84,7,'登陆系统','0:0:0:0:0:0:0:1','2016-11-18 00:15:23'),
	(85,7,'退出系统','0:0:0:0:0:0:0:1','2016-11-18 00:15:27'),
	(86,7,'登陆系统','0:0:0:0:0:0:0:1','2016-11-18 00:15:30'),
	(87,7,'退出系统','0:0:0:0:0:0:0:1','2016-11-18 00:15:33'),
	(88,8,'登陆系统','0:0:0:0:0:0:0:1','2016-11-18 00:22:35'),
	(89,8,'退出系统','0:0:0:0:0:0:0:1','2016-11-18 00:22:38'),
	(90,8,'登陆系统','0:0:0:0:0:0:0:1','2016-11-18 00:22:40'),
	(91,8,'退出系统','0:0:0:0:0:0:0:1','2016-11-18 00:22:43'),
	(92,8,'登陆系统','0:0:0:0:0:0:0:1','2016-11-18 00:22:52'),
	(93,8,'退出系统','0:0:0:0:0:0:0:1','2016-11-18 00:22:57'),
	(94,1,'登陆系统','0:0:0:0:0:0:0:1','2016-11-18 00:23:01'),
	(95,1,'退出系统','0:0:0:0:0:0:0:1','2016-11-18 00:23:04'),
	(96,7,'登陆系统','0:0:0:0:0:0:0:1','2016-11-18 00:23:08'),
	(97,7,'退出系统','0:0:0:0:0:0:0:1','2016-11-18 00:23:11'),
	(98,8,'登陆系统','0:0:0:0:0:0:0:1','2016-11-18 00:28:18'),
	(99,8,'退出系统','0:0:0:0:0:0:0:1','2016-11-18 00:35:22'),
	(100,8,'登陆系统','0:0:0:0:0:0:0:1','2016-11-18 00:35:24'),
	(101,8,'退出系统','0:0:0:0:0:0:0:1','2016-11-18 00:35:27'),
	(102,8,'登陆系统','0:0:0:0:0:0:0:1','2016-11-18 00:35:28'),
	(103,8,'退出系统','0:0:0:0:0:0:0:1','2016-11-18 00:37:23'),
	(104,8,'登陆系统','0:0:0:0:0:0:0:1','2016-11-18 00:38:10'),
	(105,8,'退出系统','0:0:0:0:0:0:0:1','2016-11-18 00:38:13'),
	(106,7,'登陆系统','0:0:0:0:0:0:0:1','2016-11-18 00:38:17'),
	(107,7,'退出系统','0:0:0:0:0:0:0:1','2016-11-18 00:44:18'),
	(108,8,'登陆系统','0:0:0:0:0:0:0:1','2016-11-19 15:40:55'),
	(109,8,'退出系统','0:0:0:0:0:0:0:1','2016-11-19 15:41:00'),
	(110,8,'登陆系统','0:0:0:0:0:0:0:1','2016-11-19 15:41:20'),
	(111,8,'登陆系统','0:0:0:0:0:0:0:1','2016-11-19 15:41:23'),
	(112,8,'[菜单数据（权限编辑）] 修改','0:0:0:0:0:0:0:1','2016-11-19 15:41:50'),
	(113,8,'退出系统','0:0:0:0:0:0:0:1','2016-11-19 15:41:55'),
	(114,8,'登陆系统','0:0:0:0:0:0:0:1','2016-11-19 15:41:56'),
	(115,8,'[菜单数据（权限编辑）] 修改','0:0:0:0:0:0:0:1','2016-11-19 15:43:45'),
	(116,8,'退出系统','0:0:0:0:0:0:0:1','2016-11-19 16:05:52'),
	(117,1,'登陆系统','0:0:0:0:0:0:0:1','2016-11-19 16:06:00'),
	(118,1,'[在线表单] 修改','0:0:0:0:0:0:0:1','2016-11-19 16:08:05'),
	(119,1,'[表单扩展js] 修改','0:0:0:0:0:0:0:1','2016-11-19 16:23:03'),
	(120,1,'[在线表单] 修改','0:0:0:0:0:0:0:1','2016-11-19 16:23:14'),
	(121,1,'[表单扩展js] 修改','0:0:0:0:0:0:0:1','2016-11-19 17:40:19'),
	(122,1,'[表单扩展js] 修改','0:0:0:0:0:0:0:1','2016-11-19 19:06:57'),
	(123,1,'[表单扩展js] 修改','0:0:0:0:0:0:0:1','2016-11-19 19:09:41'),
	(124,1,'[表单扩展js] 修改','0:0:0:0:0:0:0:1','2016-11-19 19:16:22'),
	(125,1,'[表单扩展js] 修改','0:0:0:0:0:0:0:1','2016-11-19 19:21:16'),
	(126,1,'[表单扩展js] 修改','0:0:0:0:0:0:0:1','2016-11-19 19:22:47'),
	(127,1,'[表单扩展js] 修改','0:0:0:0:0:0:0:1','2016-11-19 19:25:45'),
	(128,1,'[表单扩展js] 修改','0:0:0:0:0:0:0:1','2016-11-19 19:28:48'),
	(129,1,'[表单扩展js] 修改','0:0:0:0:0:0:0:1','2016-11-19 19:30:51'),
	(130,1,'[表单扩展js] 修改','0:0:0:0:0:0:0:1','2016-11-19 19:45:23'),
	(131,1,'[在线表单] 修改','0:0:0:0:0:0:0:1','2016-11-19 19:49:19'),
	(132,1,'[在线表单] 修改','0:0:0:0:0:0:0:1','2016-11-19 19:51:00'),
	(133,1,'[表单扩展js] 增加','0:0:0:0:0:0:0:1','2016-11-19 19:52:46'),
	(134,1,'[表单扩展js] 修改','0:0:0:0:0:0:0:1','2016-11-19 19:55:29'),
	(135,1,'[表单扩展js] 修改','0:0:0:0:0:0:0:1','2016-11-19 19:56:19'),
	(136,1,'[表单扩展js] 增加','0:0:0:0:0:0:0:1','2016-11-19 20:00:36'),
	(137,1,'[表单扩展js] 修改','0:0:0:0:0:0:0:1','2016-11-19 20:02:03'),
	(138,1,'[表单扩展js] 删除','0:0:0:0:0:0:0:1','2016-11-19 20:02:54'),
	(139,1,'[表单扩展js] 增加','0:0:0:0:0:0:0:1','2016-11-19 20:03:14'),
	(140,1,'[表单扩展js] 删除','0:0:0:0:0:0:0:1','2016-11-19 20:07:18'),
	(141,1,'[表单扩展js] 增加','0:0:0:0:0:0:0:1','2016-11-19 20:07:35'),
	(142,1,'[表单扩展js] 删除','0:0:0:0:0:0:0:1','2016-11-19 20:07:49'),
	(143,8,'登陆系统','0:0:0:0:0:0:0:1','2016-11-20 00:05:34'),
	(144,8,'退出系统','0:0:0:0:0:0:0:1','2016-11-20 00:05:38'),
	(145,8,'登陆系统','0:0:0:0:0:0:0:1','2016-11-20 00:05:41'),
	(146,8,'[表单扩展js] 修改','0:0:0:0:0:0:0:1','2016-11-20 00:09:10'),
	(147,8,'退出系统','0:0:0:0:0:0:0:1','2016-11-20 00:28:50'),
	(148,8,'登陆系统','0:0:0:0:0:0:0:1','2016-11-20 00:28:50'),
	(149,8,'登陆系统','0:0:0:0:0:0:0:1','2016-11-27 16:53:25'),
	(150,8,'[小说管理] 导出cvs','0:0:0:0:0:0:0:1','2016-11-27 17:36:42'),
	(151,8,'[小说管理] 导出cvs','0:0:0:0:0:0:0:1','2016-11-27 17:37:08'),
	(152,8,'[小说管理] 导出cvs','0:0:0:0:0:0:0:1','2016-11-27 17:42:39'),
	(153,8,'登陆系统','0:0:0:0:0:0:0:1','2016-12-17 15:13:00'),
	(154,8,'登陆系统','0:0:0:0:0:0:0:1','2016-12-17 15:14:08'),
	(155,8,'登陆系统','0:0:0:0:0:0:0:1','2016-12-17 15:24:52'),
	(156,8,'登陆系统','0:0:0:0:0:0:0:1','2016-12-17 15:42:24'),
	(157,8,'登陆系统','0:0:0:0:0:0:0:1','2016-12-17 21:16:49'),
	(158,8,'登陆系统','0:0:0:0:0:0:0:1','2016-12-19 23:59:04'),
	(159,8,'[在线表单] 生成表单','0:0:0:0:0:0:0:1','2016-12-20 00:17:53'),
	(160,8,'[在线表单] 修改','0:0:0:0:0:0:0:1','2016-12-20 00:18:39'),
	(161,8,'[在线表单] 修改','0:0:0:0:0:0:0:1','2016-12-20 00:20:59'),
	(162,8,'[图片管理] 增加','0:0:0:0:0:0:0:1','2016-12-20 01:15:06'),
	(163,8,'[在线表单] 修改','0:0:0:0:0:0:0:1','2016-12-20 01:15:23'),
	(164,8,'[图片管理] 增加','0:0:0:0:0:0:0:1','2016-12-20 01:15:54'),
	(165,8,'[图片管理] 增加','0:0:0:0:0:0:0:1','2016-12-20 01:30:25'),
	(166,8,'[图片管理] 增加','0:0:0:0:0:0:0:1','2016-12-20 01:31:16'),
	(167,8,'登陆系统','0:0:0:0:0:0:0:1','2016-12-20 23:41:45'),
	(168,8,'[图片管理] 增加','0:0:0:0:0:0:0:1','2016-12-20 23:42:10'),
	(169,8,'[图片管理] 增加','0:0:0:0:0:0:0:1','2016-12-21 00:06:07'),
	(170,8,'[图片管理] 修改','0:0:0:0:0:0:0:1','2016-12-21 00:06:18'),
	(171,8,'[图片管理] 修改','0:0:0:0:0:0:0:1','2016-12-21 00:06:30'),
	(172,8,'[图片管理] 修改','0:0:0:0:0:0:0:1','2016-12-21 00:08:10'),
	(173,8,'[图片管理] 修改','0:0:0:0:0:0:0:1','2016-12-21 00:08:18'),
	(174,8,'[图片管理] 修改','0:0:0:0:0:0:0:1','2016-12-21 00:08:27'),
	(175,8,'[图片管理] 修改','0:0:0:0:0:0:0:1','2016-12-21 00:08:34'),
	(176,8,'[图片管理] 修改','0:0:0:0:0:0:0:1','2016-12-21 00:18:03'),
	(177,8,'[图片管理] 修改','0:0:0:0:0:0:0:1','2016-12-21 00:35:14'),
	(178,8,'[菜单管理] 增加','0:0:0:0:0:0:0:1','2016-12-21 01:12:05'),
	(179,8,'退出系统','0:0:0:0:0:0:0:1','2016-12-21 01:13:01'),
	(180,1,'登陆系统','0:0:0:0:0:0:0:1','2016-12-21 01:13:10'),
	(181,1,'[菜单管理] 修改','0:0:0:0:0:0:0:1','2016-12-21 01:17:00'),
	(182,1,'[在线表单] 生成表单','0:0:0:0:0:0:0:1','2016-12-21 01:20:15'),
	(183,1,'[在线表单] 修改','0:0:0:0:0:0:0:1','2016-12-21 01:21:21'),
	(184,8,'登陆系统','0:0:0:0:0:0:0:1','2016-12-21 22:43:26'),
	(185,8,'退出系统','0:0:0:0:0:0:0:1','2016-12-21 22:43:34'),
	(186,1,'登陆系统','0:0:0:0:0:0:0:1','2016-12-21 22:43:39'),
	(187,1,'[图片管理] 修改','0:0:0:0:0:0:0:1','2016-12-21 22:46:04'),
	(188,1,'[菜单管理] 修改','0:0:0:0:0:0:0:1','2016-12-21 22:50:46'),
	(189,1,'[菜单管理] 修改','0:0:0:0:0:0:0:1','2016-12-21 22:50:51'),
	(190,1,'[角色管理] 增加','0:0:0:0:0:0:0:1','2016-12-21 22:51:10'),
	(191,1,'[在线表单] 删除','0:0:0:0:0:0:0:1','2016-12-21 22:52:08'),
	(192,1,'[在线表单] 修改','0:0:0:0:0:0:0:1','2016-12-21 22:52:35'),
	(193,1,'[角色管理] 删除','0:0:0:0:0:0:0:1','2016-12-21 22:52:45'),
	(194,1,'[权限管理] 修改','0:0:0:0:0:0:0:1','2016-12-21 22:53:06'),
	(195,1,'[权限管理] 修改','0:0:0:0:0:0:0:1','2016-12-21 22:53:43'),
	(196,1,'[权限管理] 修改','0:0:0:0:0:0:0:1','2016-12-21 22:55:17'),
	(197,1,'[权限管理] 修改','0:0:0:0:0:0:0:1','2016-12-21 22:56:02'),
	(198,1,'[菜单数据（权限编辑）] 增加','0:0:0:0:0:0:0:1','2016-12-21 22:56:26'),
	(199,1,'[权限管理] 修改','0:0:0:0:0:0:0:1','2016-12-21 22:56:29'),
	(200,1,'[权限管理] 修改','0:0:0:0:0:0:0:1','2016-12-21 22:56:50'),
	(201,1,'[菜单数据（权限编辑）] 增加','0:0:0:0:0:0:0:1','2016-12-21 22:57:56'),
	(202,1,'[权限管理] 修改','0:0:0:0:0:0:0:1','2016-12-21 22:58:00'),
	(203,1,'[菜单按钮（权限编辑）] 删除','0:0:0:0:0:0:0:1','2016-12-21 22:59:52'),
	(204,1,'[菜单数据（权限编辑）] 增加','0:0:0:0:0:0:0:1','2016-12-21 23:01:02'),
	(205,1,'[权限管理] 修改','0:0:0:0:0:0:0:1','2016-12-21 23:01:04'),
	(206,1,'[权限管理] 修改','0:0:0:0:0:0:0:1','2016-12-21 23:01:25'),
	(207,1,'[权限管理] 修改','0:0:0:0:0:0:0:1','2016-12-21 23:01:42'),
	(208,1,'退出系统','0:0:0:0:0:0:0:1','2016-12-21 23:01:48'),
	(209,2,'登陆系统','0:0:0:0:0:0:0:1','2016-12-21 23:01:49'),
	(210,2,'退出系统','0:0:0:0:0:0:0:1','2016-12-21 23:03:29'),
	(211,2,'登陆系统','0:0:0:0:0:0:0:1','2016-12-21 23:03:30'),
	(212,2,'退出系统','0:0:0:0:0:0:0:1','2016-12-21 23:03:39'),
	(213,1,'登陆系统','0:0:0:0:0:0:0:1','2016-12-21 23:03:42'),
	(214,1,'[用户管理] 修改','0:0:0:0:0:0:0:1','2016-12-21 23:04:09'),
	(215,1,'[权限管理] 修改','0:0:0:0:0:0:0:1','2016-12-21 23:04:36'),
	(216,1,'[权限管理] 修改','0:0:0:0:0:0:0:1','2016-12-21 23:04:40'),
	(217,1,'[权限管理] 修改','0:0:0:0:0:0:0:1','2016-12-21 23:05:15'),
	(218,1,'[权限管理] 修改','0:0:0:0:0:0:0:1','2016-12-21 23:05:22'),
	(219,1,'[用户管理] 修改','0:0:0:0:0:0:0:1','2016-12-21 23:05:36'),
	(220,1,'退出系统','0:0:0:0:0:0:0:1','2016-12-21 23:05:38'),
	(221,2,'登陆系统','0:0:0:0:0:0:0:1','2016-12-21 23:05:39'),
	(222,2,'[在线表单] 生成表单','0:0:0:0:0:0:0:1','2016-12-21 23:07:45'),
	(223,2,'[在线表单] 修改','0:0:0:0:0:0:0:1','2016-12-21 23:08:21'),
	(224,2,'[在线表单] 修改','0:0:0:0:0:0:0:1','2016-12-21 23:09:03'),
	(225,2,'[在线表单] 生成表单','0:0:0:0:0:0:0:1','2016-12-21 23:09:46'),
	(226,2,'退出系统','0:0:0:0:0:0:0:1','2016-12-21 23:09:50'),
	(227,1,'登陆系统','0:0:0:0:0:0:0:1','2016-12-21 23:09:57'),
	(228,1,'[在线表单] 修改','0:0:0:0:0:0:0:1','2016-12-21 23:10:52'),
	(229,1,'[小说链接] 增加','0:0:0:0:0:0:0:1','2016-12-21 23:11:02'),
	(230,1,'[小说链接] 删除','0:0:0:0:0:0:0:1','2016-12-21 23:11:06'),
	(231,1,'[在线表单] 修改','0:0:0:0:0:0:0:1','2016-12-21 23:11:22'),
	(232,1,'[在线表单] 修改','0:0:0:0:0:0:0:1','2016-12-21 23:11:50'),
	(233,1,'[在线表单] 修改','0:0:0:0:0:0:0:1','2016-12-21 23:12:25'),
	(234,1,'[在线表单] 生成表单','0:0:0:0:0:0:0:1','2016-12-21 23:12:51'),
	(235,1,'[在线表单] 修改','0:0:0:0:0:0:0:1','2016-12-21 23:13:11'),
	(236,1,'[在线表单] 修改','0:0:0:0:0:0:0:1','2016-12-21 23:13:46'),
	(237,2,'登陆系统','0:0:0:0:0:0:0:1','2017-01-08 14:10:41'),
	(238,2,'[图片管理] 修改','0:0:0:0:0:0:0:1','2017-01-08 14:11:33'),
	(239,2,'[图片管理] 修改','0:0:0:0:0:0:0:1','2017-01-08 14:12:25'),
	(240,2,'[图片管理] 修改','0:0:0:0:0:0:0:1','2017-01-08 14:12:50'),
	(241,2,'[小说管理] 增加','0:0:0:0:0:0:0:1','2017-01-08 14:19:13'),
	(242,2,'[小说管理] 修改','0:0:0:0:0:0:0:1','2017-01-08 14:19:19'),
	(243,1,'登陆系统','0:0:0:0:0:0:0:1','2017-01-26 20:00:58'),
	(244,1,'[客户管理] 增加','0:0:0:0:0:0:0:1','2017-01-26 20:05:53'),
	(245,1,'[客户管理] 修改','0:0:0:0:0:0:0:1','2017-01-26 20:06:03'),
	(246,1,'退出系统','0:0:0:0:0:0:0:1','2017-01-26 20:13:51'),
	(247,2,'登陆系统','0:0:0:0:0:0:0:1','2017-01-27 11:59:56'),
	(248,2,'登陆系统','0:0:0:0:0:0:0:1','2017-01-27 13:42:12'),
	(249,2,'退出系统','0:0:0:0:0:0:0:1','2017-01-27 13:42:26'),
	(250,1,'登陆系统','0:0:0:0:0:0:0:1','2017-01-27 13:42:33'),
	(251,1,'[表单扩展按钮] 增加','0:0:0:0:0:0:0:1','2017-01-27 13:44:38'),
	(252,1,'[系统用户] 重置密码','0:0:0:0:0:0:0:1','2017-01-27 13:58:02'),
	(253,1,'退出系统','0:0:0:0:0:0:0:1','2017-01-27 13:59:21'),
	(254,11,'登陆系统','0:0:0:0:0:0:0:1','2017-01-27 14:00:09'),
	(255,11,'退出系统','0:0:0:0:0:0:0:1','2017-01-27 14:00:34'),
	(256,2,'登陆系统','0:0:0:0:0:0:0:1','2017-01-27 14:00:52'),
	(257,2,'登陆系统','0:0:0:0:0:0:0:1','2017-01-27 14:09:49'),
	(258,2,'[用户管理] 增加','0:0:0:0:0:0:0:1','2017-01-27 14:10:00'),
	(259,2,'[用户管理] 增加','0:0:0:0:0:0:0:1','2017-01-27 14:16:34'),
	(260,2,'[用户管理] 增加','0:0:0:0:0:0:0:1','2017-01-27 14:17:23'),
	(261,2,'[用户管理] 增加','0:0:0:0:0:0:0:1','2017-01-27 14:19:26'),
	(262,2,'[用户管理] 增加','0:0:0:0:0:0:0:1','2017-01-27 14:29:27'),
	(263,2,'登陆系统','0:0:0:0:0:0:0:1','2017-01-27 14:33:10'),
	(264,2,'[用户管理] 增加','0:0:0:0:0:0:0:1','2017-01-27 14:33:21'),
	(265,2,'退出系统','0:0:0:0:0:0:0:1','2017-01-27 14:55:33'),
	(266,2,'登陆系统','0:0:0:0:0:0:0:1','2017-01-27 14:55:39'),
	(267,2,'退出系统','0:0:0:0:0:0:0:1','2017-01-27 14:56:27'),
	(268,1,'登陆系统','0:0:0:0:0:0:0:1','2017-01-27 14:56:42'),
	(269,1,'[用户行为] 修改密码','0:0:0:0:0:0:0:1','2017-01-27 15:01:31'),
	(270,1,'[用户管理] 删除','0:0:0:0:0:0:0:1','2017-01-27 15:05:21'),
	(271,1,'[菜单按钮（权限编辑）] 增加','0:0:0:0:0:0:0:1','2017-01-27 15:07:20'),
	(272,1,'[系统用户] 重置密码','0:0:0:0:0:0:0:1','2017-01-27 15:07:44'),
	(273,1,'退出系统','0:0:0:0:0:0:0:1','2017-01-27 15:07:50'),
	(274,2,'登陆系统','0:0:0:0:0:0:0:1','2017-01-27 15:07:52'),
	(275,2,'登陆系统','0:0:0:0:0:0:0:1','2017-01-27 15:22:05'),
	(276,2,'退出系统','0:0:0:0:0:0:0:1','2017-01-27 15:34:00'),
	(277,1,'登陆系统','0:0:0:0:0:0:0:1','2017-01-27 15:34:11'),
	(278,1,'[在线表单] 修改','0:0:0:0:0:0:0:1','2017-01-27 15:38:07'),
	(279,2,'登陆系统','0:0:0:0:0:0:0:1','2017-01-28 09:09:11'),
	(280,2,'退出系统','0:0:0:0:0:0:0:1','2017-01-28 09:10:23'),
	(281,1,'登陆系统','0:0:0:0:0:0:0:1','2017-01-28 09:10:31'),
	(282,1,'[在线表单] 修改','0:0:0:0:0:0:0:1','2017-01-28 09:11:12'),
	(283,2,'登陆系统','0:0:0:0:0:0:0:1','2017-01-28 10:06:24'),
	(284,2,'退出系统','0:0:0:0:0:0:0:1','2017-01-28 11:02:04'),
	(285,1,'登陆系统','0:0:0:0:0:0:0:1','2017-01-28 11:02:12'),
	(286,1,'退出系统','0:0:0:0:0:0:0:1','2017-01-28 11:54:42'),
	(287,2,'登陆系统','0:0:0:0:0:0:0:1','2017-01-28 11:54:44'),
	(288,2,'[菜单按钮（权限编辑）] 修改','0:0:0:0:0:0:0:1','2017-01-28 11:55:46'),
	(289,2,'退出系统','0:0:0:0:0:0:0:1','2017-01-28 11:55:50'),
	(290,2,'登陆系统','0:0:0:0:0:0:0:1','2017-01-28 11:55:51'),
	(291,2,'[图片管理] 修改','0:0:0:0:0:0:0:1','2017-01-28 11:58:41'),
	(292,2,'[图片管理] 修改','0:0:0:0:0:0:0:1','2017-01-28 11:59:04'),
	(293,2,'[图片管理] 修改','0:0:0:0:0:0:0:1','2017-01-28 12:03:19'),
	(294,2,'[图片管理] 修改','0:0:0:0:0:0:0:1','2017-01-28 12:05:07'),
	(295,2,'[图片管理] 导出cvs','0:0:0:0:0:0:0:1','2017-01-28 12:08:37'),
	(296,2,'退出系统','0:0:0:0:0:0:0:1','2017-01-28 13:20:24'),
	(297,1,'登陆系统','0:0:0:0:0:0:0:1','2017-01-28 13:20:30'),
	(298,2,'登陆系统','0:0:0:0:0:0:0:1','2017-02-04 14:47:40'),
	(299,2,'登陆系统','0:0:0:0:0:0:0:1','2017-02-05 19:12:22'),
	(300,2,'登陆系统','0:0:0:0:0:0:0:1','2017-02-25 17:47:47'),
	(301,2,'登陆系统','0:0:0:0:0:0:0:1','2017-02-25 17:49:01'),
	(302,2,'[在线表单] 修改','0:0:0:0:0:0:0:1','2017-02-25 17:56:02'),
	(303,2,'[在线表单] 修改','0:0:0:0:0:0:0:1','2017-02-25 17:56:43'),
	(304,2,'[在线表单] 修改','0:0:0:0:0:0:0:1','2017-02-25 18:00:51'),
	(305,2,'[在线表单] 修改','0:0:0:0:0:0:0:1','2017-02-25 18:07:16'),
	(306,2,'[在线表单] 修改','0:0:0:0:0:0:0:1','2017-02-25 18:11:17'),
	(307,2,'登陆系统','0:0:0:0:0:0:0:1','2017-02-25 18:11:29'),
	(308,2,'[在线表单] 修改','0:0:0:0:0:0:0:1','2017-02-25 18:11:38'),
	(309,2,'登陆系统','0:0:0:0:0:0:0:1','2017-02-25 20:18:10'),
	(310,2,'登陆系统','0:0:0:0:0:0:0:1','2017-02-25 20:32:07'),
	(311,2,'登陆系统','0:0:0:0:0:0:0:1','2017-02-25 21:09:56'),
	(312,2,'[在线表单] 修改','0:0:0:0:0:0:0:1','2017-02-25 21:10:10'),
	(313,2,'[图片管理] 增加','0:0:0:0:0:0:0:1','2017-02-25 21:11:20'),
	(314,2,'[图片管理] 修改','0:0:0:0:0:0:0:1','2017-02-25 21:11:58'),
	(315,2,'[图片管理] 增加','0:0:0:0:0:0:0:1','2017-02-25 21:12:08'),
	(316,2,'登陆系统','0:0:0:0:0:0:0:1','2017-02-25 23:55:43'),
	(317,2,'[在线表单] 修改','0:0:0:0:0:0:0:1','2017-02-25 23:55:57'),
	(318,2,'[图片管理] 增加','0:0:0:0:0:0:0:1','2017-02-25 23:57:18'),
	(319,2,'[图片管理] 删除','0:0:0:0:0:0:0:1','2017-02-25 23:57:32'),
	(320,2,'登陆系统','0:0:0:0:0:0:0:1','2017-02-26 00:08:53'),
	(321,2,'[图片管理] 增加','0:0:0:0:0:0:0:1','2017-02-26 00:09:08'),
	(322,2,'[图片管理] 增加','0:0:0:0:0:0:0:1','2017-02-26 00:09:57'),
	(323,2,'退出系统','0:0:0:0:0:0:0:1','2017-02-26 00:30:24'),
	(324,1,'登陆系统','0:0:0:0:0:0:0:1','2017-02-26 00:30:33'),
	(325,1,'[表单扩展js] 增加','0:0:0:0:0:0:0:1','2017-02-26 00:39:56'),
	(326,1,'退出系统','0:0:0:0:0:0:0:1','2017-02-26 00:40:05'),
	(327,2,'登陆系统','0:0:0:0:0:0:0:1','2017-02-26 00:40:06'),
	(328,2,'登陆系统','0:0:0:0:0:0:0:1','2017-03-04 16:09:48'),
	(329,2,'[在线表单] 生成表单','0:0:0:0:0:0:0:1','2017-03-04 16:10:22'),
	(330,2,'[定时任务] 修改','0:0:0:0:0:0:0:1','2017-03-04 16:10:37'),
	(331,2,'登陆系统','0:0:0:0:0:0:0:1','2017-03-04 16:25:08'),
	(332,2,'[在线表单] 修改','0:0:0:0:0:0:0:1','2017-03-04 16:26:03'),
	(333,2,'[在线表单] 生成代码','0:0:0:0:0:0:0:1','2017-03-04 16:26:07'),
	(334,2,'登陆系统','0:0:0:0:0:0:0:1','2017-03-04 16:28:04'),
	(335,2,'[定时任务] 修改','0:0:0:0:0:0:0:1','2017-03-04 16:29:02'),
	(336,2,'[定时任务] 修改','0:0:0:0:0:0:0:1','2017-03-04 16:29:11'),
	(337,2,'[定时任务] 修改','0:0:0:0:0:0:0:1','2017-03-04 16:29:17'),
	(338,2,'[定时任务] 修改','0:0:0:0:0:0:0:1','2017-03-04 16:34:08'),
	(339,2,'[定时任务] 修改','0:0:0:0:0:0:0:1','2017-03-04 16:35:12'),
	(340,2,'[定时任务] 修改','0:0:0:0:0:0:0:1','2017-03-04 16:36:00'),
	(341,2,'[定时任务] 修改','0:0:0:0:0:0:0:1','2017-03-04 16:36:08'),
	(342,2,'[定时任务] 修改','0:0:0:0:0:0:0:1','2017-03-04 16:36:46'),
	(343,2,'[定时任务] 修改','0:0:0:0:0:0:0:1','2017-03-04 16:37:23'),
	(344,2,'[定时任务] 修改','0:0:0:0:0:0:0:1','2017-03-04 16:37:41'),
	(345,2,'[定时任务] 修改','0:0:0:0:0:0:0:1','2017-03-04 16:38:34'),
	(346,2,'[定时任务] 修改','0:0:0:0:0:0:0:1','2017-03-04 16:39:08'),
	(347,2,'登陆系统','0:0:0:0:0:0:0:1','2017-03-04 17:03:10'),
	(348,2,'登陆系统','0:0:0:0:0:0:0:1','2017-03-04 17:04:51'),
	(349,2,'[定时任务] 修改','0:0:0:0:0:0:0:1','2017-03-04 17:05:04'),
	(350,2,'[定时任务] 修改','0:0:0:0:0:0:0:1','2017-03-04 17:05:10'),
	(351,2,'[定时任务] 修改','0:0:0:0:0:0:0:1','2017-03-04 17:05:21'),
	(352,2,'登陆系统','0:0:0:0:0:0:0:1','2017-03-04 17:19:08'),
	(353,2,'[定时任务] 修改','0:0:0:0:0:0:0:1','2017-03-04 17:19:17'),
	(354,2,'[定时任务] 修改','0:0:0:0:0:0:0:1','2017-03-04 17:19:27'),
	(355,2,'[定时任务] 修改','0:0:0:0:0:0:0:1','2017-03-04 17:19:33'),
	(356,2,'登陆系统','0:0:0:0:0:0:0:1','2017-03-04 17:31:20'),
	(357,2,'[定时任务] 增加','0:0:0:0:0:0:0:1','2017-03-04 17:32:03'),
	(358,2,'登陆系统','0:0:0:0:0:0:0:1','2017-03-04 17:49:57'),
	(359,2,'[定时任务] 修改','0:0:0:0:0:0:0:1','2017-03-04 17:50:09'),
	(360,2,'[定时任务] 修改','0:0:0:0:0:0:0:1','2017-03-04 17:52:19'),
	(361,2,'登陆系统','0:0:0:0:0:0:0:1','2017-03-04 23:46:25'),
	(362,2,'[定时任务] 修改','0:0:0:0:0:0:0:1','2017-03-04 23:47:53'),
	(363,2,'[定时任务] 修改','0:0:0:0:0:0:0:1','2017-03-04 23:56:02'),
	(364,2,'[定时任务] 修改','0:0:0:0:0:0:0:1','2017-03-04 23:59:18'),
	(365,2,'登陆系统','0:0:0:0:0:0:0:1','2017-03-05 00:22:40'),
	(366,2,'[定时任务] 修改','0:0:0:0:0:0:0:1','2017-03-05 00:22:47'),
	(367,2,'登陆系统','0:0:0:0:0:0:0:1','2017-03-05 00:26:15'),
	(368,2,'[定时任务] 修改','0:0:0:0:0:0:0:1','2017-03-05 00:26:23'),
	(369,2,'[定时任务] 修改','0:0:0:0:0:0:0:1','2017-03-05 00:26:28'),
	(370,2,'登陆系统','0:0:0:0:0:0:0:1','2017-03-05 00:29:54'),
	(371,2,'[定时任务] 增加','0:0:0:0:0:0:0:1','2017-03-05 00:30:20'),
	(372,2,'登陆系统','0:0:0:0:0:0:0:1','2017-03-05 00:32:42'),
	(373,2,'[定时任务] 增加','0:0:0:0:0:0:0:1','2017-03-05 00:33:17'),
	(374,2,'[定时任务] 删除','0:0:0:0:0:0:0:1','2017-03-05 00:41:32'),
	(375,2,'[定时任务] 修改','0:0:0:0:0:0:0:1','2017-03-05 00:52:01'),
	(376,2,'登陆系统','0:0:0:0:0:0:0:1','2017-03-05 01:30:43'),
	(377,2,'登陆系统','0:0:0:0:0:0:0:1','2017-03-05 01:57:56'),
	(378,2,'登陆系统','0:0:0:0:0:0:0:1','2017-03-12 23:09:19'),
	(379,2,'退出系统','0:0:0:0:0:0:0:1','2017-03-12 23:09:23'),
	(380,1,'登陆系统','0:0:0:0:0:0:0:1','2017-03-12 23:09:29'),
	(381,1,'[表单扩展按钮] 增加','0:0:0:0:0:0:0:1','2017-03-12 23:12:57'),
	(382,1,'[在线表单] 修改','0:0:0:0:0:0:0:1','2017-03-12 23:13:03'),
	(383,1,'[数据字典] 增加','0:0:0:0:0:0:0:1','2017-03-12 23:20:30'),
	(384,1,'[数据字典] 增加','0:0:0:0:0:0:0:1','2017-03-12 23:20:45'),
	(385,1,'[在线表单] 修改','0:0:0:0:0:0:0:1','2017-03-12 23:28:11'),
	(386,1,'[在线表单] 修改','0:0:0:0:0:0:0:1','2017-03-12 23:29:06'),
	(387,1,'[在线表单] 修改','0:0:0:0:0:0:0:1','2017-03-12 23:35:21'),
	(388,1,'[在线表单] 修改','0:0:0:0:0:0:0:1','2017-03-12 23:36:07'),
	(389,1,'[在线表单] 修改','0:0:0:0:0:0:0:1','2017-03-12 23:38:34'),
	(390,1,'[在线表单] 修改','0:0:0:0:0:0:0:1','2017-03-12 23:39:39'),
	(391,1,'[在线表单] 修改','0:0:0:0:0:0:0:1','2017-03-12 23:41:54'),
	(392,1,'[在线表单] 修改','0:0:0:0:0:0:0:1','2017-03-12 23:43:15'),
	(393,2,'登陆系统','0:0:0:0:0:0:0:1','2017-03-12 23:51:23'),
	(394,2,'[在线表单] 修改','0:0:0:0:0:0:0:1','2017-03-12 23:52:53'),
	(395,2,'[在线表单] 修改','0:0:0:0:0:0:0:1','2017-03-12 23:53:59'),
	(396,2,'[在线表单] 生成代码','0:0:0:0:0:0:0:1','2017-03-12 23:55:44'),
	(397,2,'登陆系统','0:0:0:0:0:0:0:1','2017-03-13 00:23:52'),
	(398,2,'[定时任务] 修改','0:0:0:0:0:0:0:1','2017-03-13 00:26:16'),
	(399,2,'登陆系统','0:0:0:0:0:0:0:1','2017-03-14 23:13:10'),
	(400,2,'登陆系统','0:0:0:0:0:0:0:1','2017-03-14 23:42:08'),
	(401,2,'[在线表单] 生成表单','0:0:0:0:0:0:0:1','2017-03-15 00:07:20'),
	(402,2,'[在线表单] 修改','0:0:0:0:0:0:0:1','2017-03-15 00:09:02'),
	(403,2,'[在线表单] 修改','0:0:0:0:0:0:0:1','2017-03-15 00:11:05'),
	(404,2,'[在线表单] 修改','0:0:0:0:0:0:0:1','2017-03-15 00:11:46'),
	(405,2,'[在线表单] 修改','0:0:0:0:0:0:0:1','2017-03-15 00:18:56'),
	(406,2,'登陆系统','0:0:0:0:0:0:0:1','2017-03-15 23:40:22'),
	(407,2,'[菜单管理] 修改','0:0:0:0:0:0:0:1','2017-03-15 23:53:43'),
	(408,2,'[菜单管理] 修改','0:0:0:0:0:0:0:1','2017-03-15 23:53:53'),
	(409,2,'[菜单管理] 修改','0:0:0:0:0:0:0:1','2017-03-15 23:54:02'),
	(410,2,'[菜单管理] 增加','0:0:0:0:0:0:0:1','2017-03-15 23:55:05'),
	(411,2,'退出系统','0:0:0:0:0:0:0:1','2017-03-15 23:55:08'),
	(412,1,'登陆系统','0:0:0:0:0:0:0:1','2017-03-15 23:55:12'),
	(413,1,'[菜单管理] 修改','0:0:0:0:0:0:0:1','2017-03-15 23:55:43'),
	(414,1,'[表单扩展js] 增加','0:0:0:0:0:0:0:1','2017-03-15 23:59:43'),
	(415,1,'[表单扩展js] 修改','0:0:0:0:0:0:0:1','2017-03-16 00:01:01'),
	(416,1,'[表单扩展js] 修改','0:0:0:0:0:0:0:1','2017-03-16 00:02:51'),
	(417,1,'[表单扩展js] 修改','0:0:0:0:0:0:0:1','2017-03-16 00:03:26'),
	(418,2,'登陆系统','0:0:0:0:0:0:0:1','2017-03-18 12:53:53'),
	(419,2,'退出系统','0:0:0:0:0:0:0:1','2017-03-18 12:54:31'),
	(420,1,'登陆系统','0:0:0:0:0:0:0:1','2017-03-18 12:54:40'),
	(421,1,'[定时任务] 增加','0:0:0:0:0:0:0:1','2017-03-18 14:43:56'),
	(422,1,'[数据字典] 增加','0:0:0:0:0:0:0:1','2017-03-18 14:47:57'),
	(423,1,'[数据字典] 修改','0:0:0:0:0:0:0:1','2017-03-18 14:48:33'),
	(424,1,'[数据字典] 修改','0:0:0:0:0:0:0:1','2017-03-18 14:49:02'),
	(425,2,'登陆系统','0:0:0:0:0:0:0:1','2017-03-20 22:34:25'),
	(426,2,'退出系统','0:0:0:0:0:0:0:1','2017-03-20 22:34:51'),
	(427,1,'登陆系统','0:0:0:0:0:0:0:1','2017-03-20 22:34:56'),
	(428,1,'[定时任务] 增加','0:0:0:0:0:0:0:1','2017-03-20 22:45:24'),
	(429,1,'[定时任务] 修改','0:0:0:0:0:0:0:1','2017-03-20 22:47:35'),
	(430,1,'[定时任务] 修改','0:0:0:0:0:0:0:1','2017-03-20 22:49:48'),
	(431,1,'[定时任务] 修改','0:0:0:0:0:0:0:1','2017-03-20 22:49:54'),
	(432,1,'[定时任务] 增加','0:0:0:0:0:0:0:1','2017-03-20 22:51:18'),
	(433,1,'[定时任务] 修改','0:0:0:0:0:0:0:1','2017-03-20 22:51:24'),
	(434,1,'[定时任务] 修改','0:0:0:0:0:0:0:1','2017-03-20 22:51:32'),
	(435,1,'[定时任务] 修改','0:0:0:0:0:0:0:1','2017-03-20 22:51:43'),
	(436,1,'[定时任务] 修改','0:0:0:0:0:0:0:1','2017-03-20 22:57:44'),
	(437,1,'[定时任务] 修改','0:0:0:0:0:0:0:1','2017-03-20 22:58:18'),
	(438,1,'[定时任务] 修改','0:0:0:0:0:0:0:1','2017-03-20 22:58:24'),
	(439,1,'登陆系统','0:0:0:0:0:0:0:1','2017-03-20 23:01:15'),
	(440,2,'登陆系统','0:0:0:0:0:0:0:1','2017-03-20 23:27:49'),
	(441,2,'退出系统','0:0:0:0:0:0:0:1','2017-03-20 23:27:52'),
	(442,2,'登陆系统','0:0:0:0:0:0:0:1','2017-03-20 23:28:12'),
	(443,2,'退出系统','0:0:0:0:0:0:0:1','2017-03-20 23:28:20'),
	(444,1,'登陆系统','0:0:0:0:0:0:0:1','2017-03-20 23:28:23'),
	(445,1,'[用户行为] 修改密码','0:0:0:0:0:0:0:1','2017-03-20 23:28:45'),
	(446,1,'退出系统','0:0:0:0:0:0:0:1','2017-03-20 23:28:48'),
	(447,1,'登陆系统','0:0:0:0:0:0:0:1','2017-03-20 23:28:58'),
	(448,1,'[定时任务] 删除','0:0:0:0:0:0:0:1','2017-03-20 23:29:10'),
	(449,1,'[定时任务] 删除','0:0:0:0:0:0:0:1','2017-03-20 23:29:13'),
	(450,1,'[定时任务] 修改','0:0:0:0:0:0:0:1','2017-03-20 23:29:22'),
	(451,1,'[定时任务] 增加','0:0:0:0:0:0:0:1','2017-03-20 23:49:00'),
	(452,1,'[定时任务] 删除','0:0:0:0:0:0:0:1','2017-03-20 23:49:08'),
	(453,1,'登陆系统','0:0:0:0:0:0:0:1','2017-03-21 00:07:07'),
	(454,2,'登陆系统','0:0:0:0:0:0:0:1','2017-03-23 22:48:59'),
	(455,2,'退出系统','0:0:0:0:0:0:0:1','2017-03-23 22:49:06'),
	(456,2,'登陆系统','0:0:0:0:0:0:0:1','2017-03-23 22:50:11'),
	(457,2,'退出系统','0:0:0:0:0:0:0:1','2017-03-23 22:50:29'),
	(458,1,'登陆系统','0:0:0:0:0:0:0:1','2017-03-23 22:55:27'),
	(459,1,'登陆系统','0:0:0:0:0:0:0:1','2017-03-23 22:55:28'),
	(460,1,'退出系统','0:0:0:0:0:0:0:1','2017-03-23 22:55:57'),
	(461,1,'登陆系统','0:0:0:0:0:0:0:1','2017-03-23 22:56:00'),
	(462,1,'[定时任务] 修改','0:0:0:0:0:0:0:1','2017-03-23 23:00:22'),
	(463,2,'登陆系统','0:0:0:0:0:0:0:1','2017-03-23 23:10:48'),
	(464,1,'登陆系统','0:0:0:0:0:0:0:1','2017-03-23 23:10:53'),
	(465,2,'登陆系统','0:0:0:0:0:0:0:1','2017-03-26 22:16:44'),
	(466,2,'退出系统','0:0:0:0:0:0:0:1','2017-03-26 22:17:20'),
	(467,1,'登陆系统','0:0:0:0:0:0:0:1','2017-03-26 22:17:22'),
	(468,1,'[定时任务] 修改','0:0:0:0:0:0:0:1','2017-03-26 22:17:44'),
	(469,1,'[定时任务] 修改','0:0:0:0:0:0:0:1','2017-03-26 22:17:57'),
	(470,1,'[定时任务] 修改','0:0:0:0:0:0:0:1','2017-03-26 22:36:12'),
	(471,2,'登陆系统','0:0:0:0:0:0:0:1','2017-03-28 23:24:45'),
	(472,2,'退出系统','0:0:0:0:0:0:0:1','2017-03-28 23:24:49'),
	(473,1,'登陆系统','0:0:0:0:0:0:0:1','2017-03-28 23:24:52'),
	(474,1,'[数据字典] 修改','0:0:0:0:0:0:0:1','2017-03-28 23:25:21'),
	(475,1,'[数据字典] 修改','0:0:0:0:0:0:0:1','2017-03-28 23:25:45'),
	(476,1,'[数据字典] 增加','0:0:0:0:0:0:0:1','2017-03-28 23:26:27'),
	(477,1,'[数据字典] 修改','0:0:0:0:0:0:0:1','2017-03-28 23:26:35'),
	(478,1,'[在线表单] 生成代码','0:0:0:0:0:0:0:1','2017-03-29 00:00:56'),
	(479,1,'[在线表单] 生成代码','0:0:0:0:0:0:0:1','2017-03-29 00:01:49'),
	(480,2,'登陆系统','0:0:0:0:0:0:0:1','2017-03-29 23:15:37'),
	(481,2,'退出系统','0:0:0:0:0:0:0:1','2017-03-29 23:15:41'),
	(482,1,'登陆系统','0:0:0:0:0:0:0:1','2017-03-29 23:15:44'),
	(483,2,'登陆系统','0:0:0:0:0:0:0:1','2017-04-07 23:32:36'),
	(484,2,'退出系统','0:0:0:0:0:0:0:1','2017-04-07 23:34:30'),
	(485,1,'登陆系统','0:0:0:0:0:0:0:1','2017-04-07 23:34:34'),
	(486,1,'[权限管理] 修改','0:0:0:0:0:0:0:1','2017-04-07 23:35:21'),
	(487,1,'退出系统','0:0:0:0:0:0:0:1','2017-04-07 23:35:24'),
	(488,1,'登陆系统','0:0:0:0:0:0:0:1','2017-04-07 23:35:27'),
	(489,1,'[定时任务] 修改','0:0:0:0:0:0:0:1','2017-04-07 23:36:26'),
	(490,1,'[定时任务] 修改','0:0:0:0:0:0:0:1','2017-04-07 23:36:38'),
	(491,1,'[表单扩展js] 修改','0:0:0:0:0:0:0:1','2017-04-07 23:40:03'),
	(492,1,'[在线表单] 修改','0:0:0:0:0:0:0:1','2017-04-07 23:41:25'),
	(493,1,'退出系统','0:0:0:0:0:0:0:1','2017-04-07 23:43:25'),
	(494,1,'登陆系统','0:0:0:0:0:0:0:1','2017-04-07 23:43:28'),
	(495,1,'退出系统','0:0:0:0:0:0:0:1','2017-04-07 23:43:30'),
	(496,2,'登陆系统','0:0:0:0:0:0:0:1','2017-04-07 23:43:31'),
	(497,2,'[图片管理] 删除','0:0:0:0:0:0:0:1','2017-04-07 23:43:55'),
	(498,2,'退出系统','0:0:0:0:0:0:0:1','2017-04-07 23:45:04'),
	(499,2,'登陆系统','0:0:0:0:0:0:0:1','2017-04-07 23:45:06'),
	(500,2,'退出系统','0:0:0:0:0:0:0:1','2017-04-07 23:45:28'),
	(501,1,'登陆系统','0:0:0:0:0:0:0:1','2017-04-07 23:45:31'),
	(502,1,'[菜单数据（权限编辑）] 增加','0:0:0:0:0:0:0:1','2017-04-07 23:46:45'),
	(503,1,'[权限管理] 修改','0:0:0:0:0:0:0:1','2017-04-07 23:47:03'),
	(504,1,'退出系统','0:0:0:0:0:0:0:1','2017-04-07 23:47:06'),
	(505,2,'登陆系统','0:0:0:0:0:0:0:1','2017-04-07 23:47:09'),
	(506,2,'登陆系统','0:0:0:0:0:0:0:1','2017-04-09 09:31:07'),
	(507,1,'登陆系统','0:0:0:0:0:0:0:1','2017-04-12 00:02:34'),
	(508,1,'[表单扩展js] 修改','0:0:0:0:0:0:0:1','2017-04-12 00:30:21'),
	(509,1,'[表单扩展js] 修改','0:0:0:0:0:0:0:1','2017-04-12 00:32:38'),
	(510,1,'[表单扩展js] 修改','0:0:0:0:0:0:0:1','2017-04-12 00:36:26'),
	(511,1,'[表单扩展js] 修改','0:0:0:0:0:0:0:1','2017-04-12 00:36:54'),
	(512,1,'[表单扩展js] 修改','0:0:0:0:0:0:0:1','2017-04-12 00:39:50'),
	(513,1,'[表单扩展js] 修改','0:0:0:0:0:0:0:1','2017-04-12 00:41:17'),
	(514,1,'[表单扩展按钮] 增加','0:0:0:0:0:0:0:1','2017-04-12 00:46:35'),
	(515,1,'[表单扩展按钮] 修改','0:0:0:0:0:0:0:1','2017-04-12 00:47:28'),
	(516,1,'[表单扩展按钮] 修改','0:0:0:0:0:0:0:1','2017-04-12 00:52:24'),
	(517,25,'退出系统','0:0:0:0:0:0:0:1','2017-05-08 13:55:43'),
	(518,3,'登陆系统','0:0:0:0:0:0:0:1','2017-05-08 13:55:48'),
	(519,2,'登陆系统','192.168.14.35','2017-05-08 13:58:16'),
	(520,2,'登陆系统','192.168.21.184','2017-05-08 14:00:30'),
	(521,2,'[在线表单] 修改','192.168.21.184','2017-05-08 14:02:47'),
	(522,2,'[在线表单] 修改','192.168.21.184','2017-05-08 14:03:04'),
	(523,1,'登陆系统','192.168.14.35','2017-05-08 14:04:52'),
	(524,2,'退出系统','192.168.21.184','2017-05-08 14:05:58'),
	(525,1,'登陆系统','192.168.21.184','2017-05-08 14:06:03'),
	(526,1,'[在线表单] 生成表单','192.168.21.184','2017-05-08 14:06:25'),
	(527,1,'[在线表单] 修改','192.168.21.184','2017-05-08 14:06:41'),
	(528,1,'[在线表单] 生成代码','192.168.21.184','2017-05-08 14:07:20'),
	(529,2,'登陆系统','0:0:0:0:0:0:0:1','2017-05-08 14:08:17'),
	(530,2,'退出系统','0:0:0:0:0:0:0:1','2017-05-08 14:09:47'),
	(531,3,'登陆系统','0:0:0:0:0:0:0:1','2017-05-08 14:09:50'),
	(532,3,'退出系统','0:0:0:0:0:0:0:1','2017-05-08 14:10:07'),
	(533,2,'登陆系统','0:0:0:0:0:0:0:1','2017-05-08 14:10:10'),
	(534,2,'退出系统','0:0:0:0:0:0:0:1','2017-05-08 14:10:21'),
	(535,1,'登陆系统','0:0:0:0:0:0:0:1','2017-05-08 14:10:24'),
	(536,2,'登陆系统','192.168.21.177','2017-05-08 16:02:05'),
	(537,2,'登陆系统','192.168.21.51','2017-05-08 16:18:30'),
	(538,2,'登陆系统','192.168.21.51','2017-05-08 17:42:12'),
	(539,2,'登陆系统','0:0:0:0:0:0:0:1','2017-05-11 21:00:15'),
	(540,2,'登陆系统','0:0:0:0:0:0:0:1','2017-05-12 20:31:31'),
	(541,2,'[在线表单] 生成代码','0:0:0:0:0:0:0:1','2017-05-12 20:31:43'),
	(542,2,'[在线表单] 生成代码','0:0:0:0:0:0:0:1','2017-05-12 21:15:49'),
	(543,2,'[在线表单] 生成代码','0:0:0:0:0:0:0:1','2017-05-12 21:26:16'),
	(544,2,'[在线表单] 生成代码','0:0:0:0:0:0:0:1','2017-05-12 21:41:12'),
	(545,2,'登陆系统','0:0:0:0:0:0:0:1','2017-05-15 20:07:48'),
	(546,2,'退出系统','0:0:0:0:0:0:0:1','2017-05-15 20:09:22'),
	(547,2,'登陆系统','0:0:0:0:0:0:0:1','2017-05-15 20:09:23');

/*!40000 ALTER TABLE `sys_oplog` ENABLE KEYS */;
UNLOCK TABLES;


# Dump of table sys_role
# ------------------------------------------------------------

DROP TABLE IF EXISTS `sys_role`;

CREATE TABLE `sys_role` (
  `id` int(11) unsigned NOT NULL AUTO_INCREMENT COMMENT 'id',
  `role_name` varchar(11) DEFAULT NULL COMMENT '角色名称',
  `create_time` timestamp NULL DEFAULT CURRENT_TIMESTAMP COMMENT '创建时间',
  PRIMARY KEY (`id`)
) ENGINE=InnoDB DEFAULT CHARSET=utf8 COMMENT='角色管理';

LOCK TABLES `sys_role` WRITE;
/*!40000 ALTER TABLE `sys_role` DISABLE KEYS */;

INSERT INTO `sys_role` (`id`, `role_name`, `create_time`)
VALUES
	(1,'系统管理员','2016-02-04 21:05:45'),
	(2,'内容运营','2016-02-04 21:06:12'),
	(4,'readonly','2016-10-16 14:22:10');

/*!40000 ALTER TABLE `sys_role` ENABLE KEYS */;
UNLOCK TABLES;


# Dump of table sys_role_btn
# ------------------------------------------------------------

DROP TABLE IF EXISTS `sys_role_btn`;

CREATE TABLE `sys_role_btn` (
  `id` int(11) unsigned NOT NULL AUTO_INCREMENT COMMENT 'id',
  `role_id` int(11) DEFAULT NULL COMMENT '角色id',
  `btn_id` int(11) DEFAULT NULL COMMENT '按钮id',
  `create_time` timestamp NULL DEFAULT CURRENT_TIMESTAMP COMMENT '创建时间',
  PRIMARY KEY (`id`)
) ENGINE=InnoDB DEFAULT CHARSET=utf8;

LOCK TABLES `sys_role_btn` WRITE;
/*!40000 ALTER TABLE `sys_role_btn` DISABLE KEYS */;

INSERT INTO `sys_role_btn` (`id`, `role_id`, `btn_id`, `create_time`)
VALUES
	(450,2,34,'2016-12-21 23:05:22'),
	(451,2,32,'2016-12-21 23:05:22'),
	(452,2,31,'2016-12-21 23:05:22'),
	(453,2,36,'2016-12-21 23:05:22'),
	(454,2,35,'2016-12-21 23:05:22'),
	(455,2,22,'2016-12-21 23:05:22'),
	(456,2,21,'2016-12-21 23:05:22'),
	(457,2,24,'2016-12-21 23:05:22'),
	(458,2,23,'2016-12-21 23:05:22'),
	(459,2,10,'2016-12-21 23:05:22'),
	(460,2,9,'2016-12-21 23:05:22'),
	(461,2,8,'2016-12-21 23:05:22'),
	(462,2,7,'2016-12-21 23:05:22'),
	(463,2,14,'2016-12-21 23:05:22'),
	(464,2,13,'2016-12-21 23:05:22'),
	(465,2,12,'2016-12-21 23:05:22'),
	(466,2,11,'2016-12-21 23:05:22'),
	(467,2,6,'2016-12-21 23:05:22'),
	(468,2,5,'2016-12-21 23:05:22'),
	(469,2,4,'2016-12-21 23:05:22'),
	(470,2,3,'2016-12-21 23:05:22'),
	(471,2,18,'2016-12-21 23:05:22'),
	(472,2,17,'2016-12-21 23:05:22'),
	(473,2,16,'2016-12-21 23:05:22'),
	(474,2,15,'2016-12-21 23:05:22'),
	(498,1,32,'2017-04-07 23:47:02'),
	(499,1,31,'2017-04-07 23:47:02'),
	(500,1,38,'2017-04-07 23:47:02'),
	(501,1,36,'2017-04-07 23:47:02'),
	(502,1,35,'2017-04-07 23:47:02'),
	(503,1,22,'2017-04-07 23:47:02'),
	(504,1,20,'2017-04-07 23:47:02'),
	(505,1,19,'2017-04-07 23:47:02'),
	(506,1,26,'2017-04-07 23:47:02'),
	(507,1,24,'2017-04-07 23:47:02'),
	(508,1,23,'2017-04-07 23:47:02'),
	(509,1,10,'2017-04-07 23:47:02'),
	(510,1,9,'2017-04-07 23:47:02'),
	(511,1,8,'2017-04-07 23:47:02'),
	(512,1,7,'2017-04-07 23:47:02'),
	(513,1,14,'2017-04-07 23:47:02'),
	(514,1,13,'2017-04-07 23:47:02'),
	(515,1,12,'2017-04-07 23:47:02'),
	(516,1,11,'2017-04-07 23:47:02'),
	(517,1,6,'2017-04-07 23:47:02'),
	(518,1,5,'2017-04-07 23:47:02'),
	(519,1,4,'2017-04-07 23:47:02'),
	(520,1,3,'2017-04-07 23:47:02');

/*!40000 ALTER TABLE `sys_role_btn` ENABLE KEYS */;
UNLOCK TABLES;


# Dump of table sys_role_datarule
# ------------------------------------------------------------

DROP TABLE IF EXISTS `sys_role_datarule`;

CREATE TABLE `sys_role_datarule` (
  `id` int(11) unsigned NOT NULL AUTO_INCREMENT COMMENT 'id',
  `role_id` int(11) NOT NULL COMMENT '角色',
  `datarule_id` int(11) NOT NULL COMMENT '数据规则',
  `create_time` timestamp NULL DEFAULT CURRENT_TIMESTAMP COMMENT '创建时间',
  PRIMARY KEY (`id`)
) ENGINE=InnoDB DEFAULT CHARSET=utf8 COMMENT='角色数据规则';

LOCK TABLES `sys_role_datarule` WRITE;
/*!40000 ALTER TABLE `sys_role_datarule` DISABLE KEYS */;

INSERT INTO `sys_role_datarule` (`id`, `role_id`, `datarule_id`, `create_time`)
VALUES
	(18,3,3,'2016-10-16 15:01:17'),
	(23,4,3,'2016-12-21 22:53:05'),
	(44,2,6,'2016-12-21 23:05:22'),
	(45,2,4,'2016-12-21 23:05:22'),
	(46,2,5,'2016-12-21 23:05:22'),
	(51,1,7,'2017-04-07 23:47:02'),
	(52,1,6,'2017-04-07 23:47:02'),
	(53,1,4,'2017-04-07 23:47:02'),
	(54,1,5,'2017-04-07 23:47:02'),
	(55,1,3,'2017-04-07 23:47:02');

/*!40000 ALTER TABLE `sys_role_datarule` ENABLE KEYS */;
UNLOCK TABLES;


# Dump of table sys_role_menu
# ------------------------------------------------------------

DROP TABLE IF EXISTS `sys_role_menu`;

CREATE TABLE `sys_role_menu` (
  `id` int(11) unsigned NOT NULL AUTO_INCREMENT COMMENT 'id',
  `role_id` int(11) DEFAULT NULL COMMENT '角色',
  `menu_id` int(11) DEFAULT NULL COMMENT '菜单',
  `create_time` timestamp NULL DEFAULT CURRENT_TIMESTAMP COMMENT '创建时间',
  PRIMARY KEY (`id`)
) ENGINE=InnoDB DEFAULT CHARSET=utf8 COMMENT='角色菜单';

LOCK TABLES `sys_role_menu` WRITE;
/*!40000 ALTER TABLE `sys_role_menu` DISABLE KEYS */;

INSERT INTO `sys_role_menu` (`id`, `role_id`, `menu_id`, `create_time`)
VALUES
	(472,4,12,'2016-12-21 22:53:05'),
	(473,4,10,'2016-12-21 22:53:05'),
	(474,4,11,'2016-12-21 22:53:05'),
	(475,4,14,'2016-12-21 22:53:05'),
	(578,2,12,'2016-12-21 23:05:22'),
	(579,2,10,'2016-12-21 23:05:22'),
	(580,2,11,'2016-12-21 23:05:22'),
	(581,2,14,'2016-12-21 23:05:22'),
	(589,1,6,'2017-04-07 23:47:02'),
	(590,1,7,'2017-04-07 23:47:02'),
	(591,1,2,'2017-04-07 23:47:02'),
	(592,1,15,'2017-04-07 23:47:02'),
	(593,1,3,'2017-04-07 23:47:02'),
	(594,1,4,'2017-04-07 23:47:02'),
	(595,1,13,'2017-04-07 23:47:02');

/*!40000 ALTER TABLE `sys_role_menu` ENABLE KEYS */;
UNLOCK TABLES;


# Dump of table sys_user
# ------------------------------------------------------------

DROP TABLE IF EXISTS `sys_user`;

CREATE TABLE `sys_user` (
  `id` int(11) unsigned NOT NULL AUTO_INCREMENT,
  `user_name` varchar(50) DEFAULT NULL COMMENT '用户名',
  `password` varchar(50) DEFAULT NULL COMMENT '密码',
  `roles` varchar(100) DEFAULT NULL COMMENT '角色',
  `create_time` timestamp NULL DEFAULT CURRENT_TIMESTAMP COMMENT '创建时间',
  PRIMARY KEY (`id`)
) ENGINE=InnoDB DEFAULT CHARSET=utf8 COMMENT='用户管理';

LOCK TABLES `sys_user` WRITE;
/*!40000 ALTER TABLE `sys_user` DISABLE KEYS */;

INSERT INTO `sys_user` (`id`, `user_name`, `password`, `roles`, `create_time`)
VALUES
	(1,'admin','-1ef523c6b645a65441a91fa80df077c2',NULL,'2016-01-08 15:33:05'),
	(2,'zcurd','-1ef523c6b645a65441a91fa80df077c2','2,1','2016-10-29 16:59:44'),
	(3,'readonly','-1ef523c6b645a65441a91fa80df077c2','4','2016-10-16 14:22:46'),
	(11,'zhong','-1ef523c6b645a65441a91fa80df077c2','2,1','2016-02-21 01:19:47');

/*!40000 ALTER TABLE `sys_user` ENABLE KEYS */;
UNLOCK TABLES;


# Dump of table task_base
# ------------------------------------------------------------

DROP TABLE IF EXISTS `task_base`;

CREATE TABLE `task_base` (
  `id` int(11) NOT NULL AUTO_INCREMENT COMMENT 'id',
  `name` varchar(50) NOT NULL DEFAULT '' COMMENT '名称',
  `target_type` int(11) DEFAULT NULL COMMENT '任务类型',
  `target_value` varchar(5000) DEFAULT NULL COMMENT '任务值',
  `cron` varchar(50) DEFAULT NULL COMMENT 'cron表达式',
  `last_run_result` varchar(50) DEFAULT NULL COMMENT '上次执行结果',
  `last_run_time` datetime DEFAULT NULL COMMENT '上次执行时间',
  `last_run_time_cost` int(11) DEFAULT NULL COMMENT '上次执行耗时',
  `status` int(11) DEFAULT NULL COMMENT '状态',
  `create_user_id` int(11) DEFAULT NULL COMMENT '创建人',
  `create_time` timestamp NOT NULL DEFAULT CURRENT_TIMESTAMP COMMENT '创建时间',
  PRIMARY KEY (`id`)
) ENGINE=InnoDB DEFAULT CHARSET=utf8 COMMENT='定时任务';

LOCK TABLES `task_base` WRITE;
/*!40000 ALTER TABLE `task_base` DISABLE KEYS */;

INSERT INTO `task_base` (`id`, `name`, `target_type`, `target_value`, `cron`, `last_run_result`, `last_run_time`, `last_run_time_cost`, `status`, `create_user_id`, `create_time`)
VALUES
	(1,'百度',1,'https://www.baidu.com','* */1 * * *','成功','2017-05-15 20:09:00',228,1,1,'2017-03-04 16:08:06'),
	(2,'css',1,'http://www.newsres.cn/2017lh/css/lhxl.css','* */1 * * *','成功','2017-04-12 00:00:34',75,2,1,'2017-03-04 00:00:00'),
	(3,'查询',2,'select 2','* */1 * * *','成功','2017-05-15 20:09:00',8,1,NULL,'2017-03-04 17:32:02'),
	(4,'存储过程',2,'call zcurd_base.pro_test()','* */1 * * *','成功','2017-04-09 09:31:24',2,2,NULL,'2017-03-05 00:30:20'),
	(5,'ITask',3,'com.zcurd.common.task.DemoTask','* */1 * * *','成功','2017-03-26 22:50:00',3,2,NULL,'2017-03-18 14:43:55');

/*!40000 ALTER TABLE `task_base` ENABLE KEYS */;
UNLOCK TABLES;


# Dump of table task_log
# ------------------------------------------------------------

DROP TABLE IF EXISTS `task_log`;

CREATE TABLE `task_log` (
  `id` int(11) NOT NULL AUTO_INCREMENT COMMENT 'id',
  `task_id` int(11) DEFAULT NULL COMMENT '所属任务',
  `result` varchar(50) DEFAULT NULL COMMENT '执行结果',
  `start_time` datetime DEFAULT NULL COMMENT '开始时间',
  `end_time` datetime DEFAULT NULL COMMENT '结束时间',
  `cost_time` int(11) DEFAULT NULL COMMENT '耗时',
  `remark` varchar(500) DEFAULT NULL COMMENT '备注',
  PRIMARY KEY (`id`)
) ENGINE=InnoDB DEFAULT CHARSET=utf8 COMMENT='定时任务-日志';

LOCK TABLES `task_log` WRITE;
/*!40000 ALTER TABLE `task_log` DISABLE KEYS */;

INSERT INTO `task_log` (`id`, `task_id`, `result`, `start_time`, `end_time`, `cost_time`, `remark`)
VALUES
	(1296,3,'成功','2017-03-29 23:54:00','2017-03-29 23:54:00',4,NULL),
	(1297,1,'成功','2017-03-29 23:54:00','2017-03-29 23:54:00',68,NULL),
	(1298,3,'成功','2017-04-01 23:29:00','2017-04-01 23:29:00',8,NULL),
	(1299,1,'成功','2017-04-01 23:29:00','2017-04-01 23:29:00',348,NULL),
	(1300,3,'成功','2017-04-07 23:33:00','2017-04-07 23:33:00',4,NULL),
	(1301,1,'成功','2017-04-07 23:33:00','2017-04-07 23:33:00',389,NULL),
	(1302,3,'成功','2017-04-07 23:34:00','2017-04-07 23:34:00',6,NULL),
	(1303,1,'成功','2017-04-07 23:34:00','2017-04-07 23:34:00',67,NULL),
	(1304,3,'成功','2017-04-07 23:35:00','2017-04-07 23:35:00',4,NULL),
	(1305,1,'成功','2017-04-07 23:35:00','2017-04-07 23:35:00',64,NULL),
	(1306,3,'成功','2017-04-07 23:36:00','2017-04-07 23:36:00',5,NULL),
	(1307,1,'成功','2017-04-07 23:36:00','2017-04-07 23:36:00',62,NULL),
	(1308,1,'成功','2017-04-07 23:41:00','2017-04-07 23:41:00',328,NULL),
	(1309,3,'成功','2017-04-07 23:41:00','2017-04-07 23:41:00',5,NULL),
	(1310,3,'成功','2017-04-07 23:42:00','2017-04-07 23:42:00',4,NULL),
	(1311,1,'成功','2017-04-07 23:42:00','2017-04-07 23:42:00',59,NULL),
	(1312,2,'成功','2017-04-07 23:42:49','2017-04-07 23:42:50',1501,NULL),
	(1313,2,'成功','2017-04-07 23:42:58','2017-04-07 23:42:59',623,NULL),
	(1314,3,'成功','2017-04-07 23:43:00','2017-04-07 23:43:00',6,NULL),
	(1315,1,'成功','2017-04-07 23:43:00','2017-04-07 23:43:00',63,NULL),
	(1316,1,'成功','2017-04-07 23:43:04','2017-04-07 23:43:04',20,NULL),
	(1317,2,'成功','2017-04-07 23:43:10','2017-04-07 23:43:11',789,NULL),
	(1318,1,'成功','2017-04-07 23:44:00','2017-04-07 23:44:00',64,NULL),
	(1319,3,'成功','2017-04-07 23:44:00','2017-04-07 23:44:00',3,NULL),
	(1320,3,'成功','2017-04-07 23:45:00','2017-04-07 23:45:00',4,NULL),
	(1321,1,'成功','2017-04-07 23:45:00','2017-04-07 23:45:00',58,NULL),
	(1322,1,'成功','2017-04-07 23:46:00','2017-04-07 23:46:00',69,NULL),
	(1323,3,'成功','2017-04-07 23:46:00','2017-04-07 23:46:00',4,NULL),
	(1324,1,'成功','2017-04-07 23:47:00','2017-04-07 23:47:00',75,NULL),
	(1325,3,'成功','2017-04-07 23:47:00','2017-04-07 23:47:00',4,NULL),
	(1326,3,'成功','2017-04-07 23:48:00','2017-04-07 23:48:00',5,NULL),
	(1327,1,'成功','2017-04-07 23:48:00','2017-04-07 23:48:00',68,NULL),
	(1328,1,'成功','2017-04-07 23:49:00','2017-04-07 23:49:00',70,NULL),
	(1329,3,'成功','2017-04-07 23:49:00','2017-04-07 23:49:00',5,NULL),
	(1330,3,'成功','2017-04-07 23:50:00','2017-04-07 23:50:00',5,NULL),
	(1331,1,'成功','2017-04-07 23:50:00','2017-04-07 23:50:00',68,NULL),
	(1332,1,'成功','2017-04-07 23:51:00','2017-04-07 23:51:00',61,NULL),
	(1333,3,'成功','2017-04-07 23:51:00','2017-04-07 23:51:00',5,NULL),
	(1334,1,'成功','2017-04-07 23:52:00','2017-04-07 23:52:00',70,NULL),
	(1335,3,'成功','2017-04-07 23:52:00','2017-04-07 23:52:00',5,NULL),
	(1336,3,'成功','2017-04-07 23:53:00','2017-04-07 23:53:00',4,NULL),
	(1337,1,'成功','2017-04-07 23:53:00','2017-04-07 23:53:00',82,NULL),
	(1338,3,'成功','2017-04-07 23:54:00','2017-04-07 23:54:00',5,NULL),
	(1339,1,'成功','2017-04-07 23:54:00','2017-04-07 23:54:00',61,NULL),
	(1340,1,'成功','2017-04-07 23:55:00','2017-04-07 23:55:00',62,NULL),
	(1341,3,'成功','2017-04-07 23:55:00','2017-04-07 23:55:00',4,NULL),
	(1342,3,'成功','2017-04-07 23:56:00','2017-04-07 23:56:00',4,NULL),
	(1343,1,'成功','2017-04-07 23:56:00','2017-04-07 23:56:00',68,NULL),
	(1344,3,'成功','2017-04-07 23:57:00','2017-04-07 23:57:00',4,NULL),
	(1345,1,'成功','2017-04-07 23:57:00','2017-04-07 23:57:00',82,NULL),
	(1346,1,'成功','2017-04-07 23:58:00','2017-04-07 23:58:00',70,NULL),
	(1347,3,'成功','2017-04-07 23:58:00','2017-04-07 23:58:00',5,NULL),
	(1348,1,'成功','2017-04-07 23:59:00','2017-04-07 23:59:00',68,NULL),
	(1349,3,'成功','2017-04-07 23:59:00','2017-04-07 23:59:00',4,NULL),
	(1350,3,'成功','2017-04-08 00:00:00','2017-04-08 00:00:00',4,NULL),
	(1351,1,'成功','2017-04-08 00:00:00','2017-04-08 00:00:00',70,NULL),
	(1352,3,'成功','2017-04-08 00:01:00','2017-04-08 00:01:00',4,NULL),
	(1353,1,'成功','2017-04-08 00:01:00','2017-04-08 00:01:00',65,NULL),
	(1354,1,'成功','2017-04-08 00:02:00','2017-04-08 00:02:00',59,NULL),
	(1355,3,'成功','2017-04-08 00:02:00','2017-04-08 00:02:00',4,NULL),
	(1356,3,'成功','2017-04-08 00:03:00','2017-04-08 00:03:00',4,NULL),
	(1357,1,'成功','2017-04-08 00:03:00','2017-04-08 00:03:00',73,NULL),
	(1358,1,'成功','2017-04-08 00:04:00','2017-04-08 00:04:00',64,NULL),
	(1359,3,'成功','2017-04-08 00:04:00','2017-04-08 00:04:00',5,NULL),
	(1360,3,'成功','2017-04-08 00:05:00','2017-04-08 00:05:00',5,NULL),
	(1361,1,'成功','2017-04-08 00:05:00','2017-04-08 00:05:00',64,NULL),
	(1362,1,'成功','2017-04-08 00:06:00','2017-04-08 00:06:00',63,NULL),
	(1363,3,'成功','2017-04-08 00:06:00','2017-04-08 00:06:00',6,NULL),
	(1364,3,'成功','2017-04-08 00:07:00','2017-04-08 00:07:00',5,NULL),
	(1365,1,'成功','2017-04-08 00:07:00','2017-04-08 00:07:00',96,NULL),
	(1366,3,'成功','2017-04-08 00:08:00','2017-04-08 00:08:00',4,NULL),
	(1367,1,'成功','2017-04-08 00:08:00','2017-04-08 00:08:00',68,NULL),
	(1368,3,'成功','2017-04-08 00:09:00','2017-04-08 00:09:00',6,NULL),
	(1369,1,'成功','2017-04-08 00:09:00','2017-04-08 00:09:00',75,NULL),
	(1370,3,'成功','2017-04-08 00:10:00','2017-04-08 00:10:00',6,NULL),
	(1371,1,'成功','2017-04-08 00:10:00','2017-04-08 00:10:00',63,NULL),
	(1372,3,'成功','2017-04-08 00:11:00','2017-04-08 00:11:00',6,NULL),
	(1373,1,'成功','2017-04-08 00:11:00','2017-04-08 00:11:00',64,NULL),
	(1374,3,'成功','2017-04-08 00:12:00','2017-04-08 00:12:00',6,NULL),
	(1375,1,'成功','2017-04-08 00:12:00','2017-04-08 00:12:00',87,NULL),
	(1376,1,'成功','2017-04-08 00:13:00','2017-04-08 00:13:00',66,NULL),
	(1377,3,'成功','2017-04-08 00:13:00','2017-04-08 00:13:00',4,NULL),
	(1378,1,'成功','2017-04-08 00:14:00','2017-04-08 00:14:00',59,NULL),
	(1379,3,'成功','2017-04-08 00:14:00','2017-04-08 00:14:00',4,NULL),
	(1380,3,'成功','2017-04-08 00:15:00','2017-04-08 00:15:00',5,NULL),
	(1381,1,'成功','2017-04-08 00:15:00','2017-04-08 00:15:00',78,NULL),
	(1382,1,'成功','2017-04-08 00:16:00','2017-04-08 00:16:00',60,NULL),
	(1383,3,'成功','2017-04-08 00:16:00','2017-04-08 00:16:00',5,NULL),
	(1384,1,'成功','2017-04-08 00:17:00','2017-04-08 00:17:00',77,NULL),
	(1385,3,'成功','2017-04-08 00:17:00','2017-04-08 00:17:00',4,NULL),
	(1386,3,'成功','2017-04-08 00:18:00','2017-04-08 00:18:00',6,NULL),
	(1387,1,'成功','2017-04-08 00:18:00','2017-04-08 00:18:00',65,NULL),
	(1388,3,'成功','2017-04-08 00:19:00','2017-04-08 00:19:00',4,NULL),
	(1389,1,'成功','2017-04-08 00:19:00','2017-04-08 00:19:00',71,NULL),
	(1390,1,'成功','2017-04-08 00:20:00','2017-04-08 00:20:00',60,NULL),
	(1391,3,'成功','2017-04-08 00:20:00','2017-04-08 00:20:00',4,NULL),
	(1392,3,'成功','2017-04-08 00:21:00','2017-04-08 00:21:00',4,NULL),
	(1393,1,'成功','2017-04-08 00:21:00','2017-04-08 00:21:00',58,NULL),
	(1394,1,'成功','2017-04-08 00:22:00','2017-04-08 00:22:00',59,NULL),
	(1395,3,'成功','2017-04-08 00:22:00','2017-04-08 00:22:00',3,NULL),
	(1396,1,'成功','2017-04-08 00:23:00','2017-04-08 00:23:00',59,NULL),
	(1397,3,'成功','2017-04-08 00:23:00','2017-04-08 00:23:00',5,NULL),
	(1398,1,'成功','2017-04-08 00:24:00','2017-04-08 00:24:00',70,NULL),
	(1399,3,'成功','2017-04-08 00:24:00','2017-04-08 00:24:00',3,NULL),
	(1400,1,'成功','2017-04-08 00:25:00','2017-04-08 00:25:00',70,NULL),
	(1401,3,'成功','2017-04-08 00:25:00','2017-04-08 00:25:00',5,NULL),
	(1402,3,'成功','2017-04-08 00:26:00','2017-04-08 00:26:00',5,NULL),
	(1403,1,'成功','2017-04-08 00:26:00','2017-04-08 00:26:00',68,NULL),
	(1404,3,'成功','2017-04-08 00:27:00','2017-04-08 00:27:00',5,NULL),
	(1405,1,'成功','2017-04-08 00:27:00','2017-04-08 00:27:00',77,NULL),
	(1406,3,'成功','2017-04-08 00:28:00','2017-04-08 00:28:00',6,NULL),
	(1407,1,'成功','2017-04-08 00:28:00','2017-04-08 00:28:00',63,NULL),
	(1408,3,'成功','2017-04-08 00:29:00','2017-04-08 00:29:00',5,NULL),
	(1409,1,'成功','2017-04-08 00:29:00','2017-04-08 00:29:00',67,NULL),
	(1410,3,'成功','2017-04-08 00:30:00','2017-04-08 00:30:00',4,NULL),
	(1411,1,'成功','2017-04-08 00:30:00','2017-04-08 00:30:00',67,NULL),
	(1412,3,'成功','2017-04-08 00:31:00','2017-04-08 00:31:00',4,NULL),
	(1413,1,'成功','2017-04-08 00:31:00','2017-04-08 00:31:00',65,NULL),
	(1414,3,'成功','2017-04-08 00:32:00','2017-04-08 00:32:00',5,NULL),
	(1415,1,'成功','2017-04-08 00:32:00','2017-04-08 00:32:00',63,NULL),
	(1416,1,'成功','2017-04-08 00:33:00','2017-04-08 00:33:00',71,NULL),
	(1417,3,'成功','2017-04-08 00:33:00','2017-04-08 00:33:00',4,NULL),
	(1418,3,'成功','2017-04-08 00:34:00','2017-04-08 00:34:00',6,NULL),
	(1419,1,'成功','2017-04-08 00:34:00','2017-04-08 00:34:00',70,NULL),
	(1420,3,'成功','2017-04-08 02:00:06','2017-04-08 02:00:06',4,NULL),
	(1421,1,'成功','2017-04-08 02:00:06','2017-04-08 02:00:06',76,NULL),
	(1422,1,'成功','2017-04-08 04:00:54','2017-04-08 04:00:54',81,NULL),
	(1423,3,'成功','2017-04-08 04:00:54','2017-04-08 04:00:54',4,NULL),
	(1424,3,'成功','2017-04-08 04:01:00','2017-04-08 04:01:00',3,NULL),
	(1425,1,'成功','2017-04-08 04:01:00','2017-04-08 04:01:00',58,NULL),
	(1426,1,'成功','2017-04-08 05:01:55','2017-04-08 05:01:55',77,NULL),
	(1427,3,'成功','2017-04-08 05:01:55','2017-04-08 05:01:55',4,NULL),
	(1428,1,'成功','2017-04-08 05:02:00','2017-04-08 05:02:00',53,NULL),
	(1429,3,'成功','2017-04-08 05:02:00','2017-04-08 05:02:00',4,NULL),
	(1430,1,'成功','2017-04-08 07:02:54','2017-04-08 07:02:54',80,NULL),
	(1431,3,'成功','2017-04-08 07:02:54','2017-04-08 07:02:54',2,NULL),
	(1432,1,'成功','2017-04-08 07:03:00','2017-04-08 07:03:00',61,NULL),
	(1433,3,'成功','2017-04-08 07:03:00','2017-04-08 07:03:00',3,NULL),
	(1434,1,'成功','2017-04-08 09:03:54','2017-04-08 09:03:54',72,NULL),
	(1435,3,'成功','2017-04-08 09:03:54','2017-04-08 09:03:54',5,NULL),
	(1436,3,'成功','2017-04-08 09:04:00','2017-04-08 09:04:00',4,NULL),
	(1437,1,'成功','2017-04-08 09:04:00','2017-04-08 09:04:00',54,NULL),
	(1438,1,'成功','2017-04-08 11:04:54','2017-04-08 11:04:54',79,NULL),
	(1439,3,'成功','2017-04-08 11:04:54','2017-04-08 11:04:54',3,NULL),
	(1440,3,'成功','2017-04-08 11:05:00','2017-04-08 11:05:00',6,NULL),
	(1441,1,'成功','2017-04-08 11:05:00','2017-04-08 11:05:00',61,NULL),
	(1442,3,'成功','2017-04-08 12:35:54','2017-04-08 12:35:54',6,NULL),
	(1443,1,'成功','2017-04-08 12:35:54','2017-04-08 12:35:54',81,NULL),
	(1444,1,'成功','2017-04-08 12:36:00','2017-04-08 12:36:00',62,NULL),
	(1445,3,'成功','2017-04-08 12:36:00','2017-04-08 12:36:00',3,NULL),
	(1446,1,'成功','2017-04-08 14:36:54','2017-04-08 16:36:52',7197987,NULL),
	(1447,3,'成功','2017-04-08 14:36:54','2017-04-08 14:36:54',4,NULL),
	(1448,3,'成功','2017-04-08 16:36:54','2017-04-08 16:36:54',4,NULL),
	(1449,1,'成功','2017-04-08 16:36:54','2017-04-08 16:36:54',26,NULL),
	(1450,1,'成功','2017-04-08 16:37:00','2017-04-08 16:37:00',61,NULL),
	(1451,3,'成功','2017-04-08 16:37:00','2017-04-08 16:37:00',3,NULL),
	(1452,1,'成功','2017-04-08 16:38:00','2017-04-08 18:37:58',7198074,NULL),
	(1453,3,'成功','2017-04-08 16:38:00','2017-04-08 16:38:00',3,NULL),
	(1454,3,'成功','2017-04-08 20:38:48','2017-04-08 20:38:48',4,NULL),
	(1455,1,'成功','2017-04-08 20:38:48','2017-04-08 20:38:48',112,NULL),
	(1456,1,'成功','2017-04-08 20:39:00','2017-04-08 20:39:00',286,NULL),
	(1457,3,'成功','2017-04-08 20:39:00','2017-04-08 20:39:00',4,NULL),
	(1458,3,'成功','2017-04-08 20:45:52','2017-04-08 20:45:52',5,NULL),
	(1459,1,'成功','2017-04-08 20:45:52','2017-04-08 20:45:52',63,NULL),
	(1460,3,'成功','2017-04-08 20:46:00','2017-04-08 20:46:00',3,NULL),
	(1461,1,'成功','2017-04-08 20:46:00','2017-04-08 20:46:00',78,NULL),
	(1462,3,'成功','2017-04-08 20:47:00','2017-04-08 20:47:00',4,NULL),
	(1463,1,'成功','2017-04-08 20:47:00','2017-04-08 20:47:00',65,NULL),
	(1464,1,'成功','2017-04-08 20:48:00','2017-04-08 20:48:00',70,NULL),
	(1465,3,'成功','2017-04-08 20:48:00','2017-04-08 20:48:00',2,NULL),
	(1466,3,'成功','2017-04-08 20:49:00','2017-04-08 20:49:00',3,NULL),
	(1467,1,'成功','2017-04-08 20:49:00','2017-04-08 20:49:01',1076,NULL),
	(1468,1,'成功','2017-04-08 20:50:00','2017-04-08 20:50:00',61,NULL),
	(1469,3,'成功','2017-04-08 20:50:00','2017-04-08 20:50:00',3,NULL),
	(1470,3,'成功','2017-04-08 20:51:00','2017-04-08 20:51:00',6,NULL),
	(1471,1,'成功','2017-04-08 20:51:00','2017-04-08 20:51:00',63,NULL),
	(1472,3,'成功','2017-04-08 20:52:00','2017-04-08 20:52:00',5,NULL),
	(1473,1,'成功','2017-04-08 20:52:00','2017-04-08 20:52:00',61,NULL),
	(1474,3,'成功','2017-04-08 20:53:00','2017-04-08 20:53:00',11,NULL),
	(1475,1,'成功','2017-04-08 20:53:00','2017-04-08 20:53:00',73,NULL),
	(1476,1,'成功','2017-04-08 20:54:00','2017-04-08 20:54:00',80,NULL),
	(1477,3,'成功','2017-04-08 20:54:00','2017-04-08 20:54:00',7,NULL),
	(1478,1,'成功','2017-04-08 20:55:00','2017-04-08 20:55:00',64,NULL),
	(1479,3,'成功','2017-04-08 20:55:00','2017-04-08 20:55:00',7,NULL),
	(1480,1,'成功','2017-04-08 20:56:00','2017-04-08 20:56:00',72,NULL),
	(1481,3,'成功','2017-04-08 20:56:00','2017-04-08 20:56:00',5,NULL),
	(1482,1,'成功','2017-04-08 20:57:00','2017-04-08 20:57:00',62,NULL),
	(1483,3,'成功','2017-04-08 20:57:00','2017-04-08 20:57:00',5,NULL),
	(1484,1,'成功','2017-04-08 20:58:00','2017-04-08 20:58:00',67,NULL),
	(1485,3,'成功','2017-04-08 20:58:00','2017-04-08 20:58:00',4,NULL),
	(1486,1,'成功','2017-04-08 20:59:00','2017-04-08 20:59:00',107,NULL),
	(1487,3,'成功','2017-04-08 20:59:00','2017-04-08 20:59:00',4,NULL),
	(1488,1,'成功','2017-04-08 21:00:00','2017-04-08 21:00:00',69,NULL),
	(1489,3,'成功','2017-04-08 21:00:00','2017-04-08 21:00:00',3,NULL),
	(1490,1,'成功','2017-04-08 21:01:00','2017-04-08 21:01:00',65,NULL),
	(1491,3,'成功','2017-04-08 21:01:00','2017-04-08 21:01:00',3,NULL),
	(1492,3,'成功','2017-04-08 21:02:00','2017-04-08 21:02:00',6,NULL),
	(1493,1,'成功','2017-04-08 21:02:00','2017-04-08 21:02:00',67,NULL),
	(1494,1,'成功','2017-04-08 21:03:00','2017-04-08 21:03:00',66,NULL),
	(1495,3,'成功','2017-04-08 21:03:00','2017-04-08 21:03:00',4,NULL),
	(1496,1,'成功','2017-04-08 21:04:00','2017-04-08 21:04:00',63,NULL),
	(1497,3,'成功','2017-04-08 21:04:00','2017-04-08 21:04:00',3,NULL),
	(1498,3,'成功','2017-04-08 21:05:00','2017-04-08 21:05:00',7,NULL),
	(1499,1,'成功','2017-04-08 21:05:00','2017-04-08 21:05:00',65,NULL),
	(1500,1,'成功','2017-04-08 21:06:00','2017-04-08 21:06:00',60,NULL),
	(1501,3,'成功','2017-04-08 21:06:00','2017-04-08 21:06:00',6,NULL),
	(1502,3,'成功','2017-04-08 21:07:00','2017-04-08 21:07:00',7,NULL),
	(1503,1,'成功','2017-04-08 21:07:00','2017-04-08 21:07:00',72,NULL),
	(1504,3,'成功','2017-04-08 21:08:00','2017-04-08 21:08:00',4,NULL),
	(1505,1,'成功','2017-04-08 21:08:00','2017-04-08 21:08:00',61,NULL),
	(1506,1,'成功','2017-04-08 21:09:00','2017-04-08 21:09:00',89,NULL),
	(1507,3,'成功','2017-04-08 21:09:00','2017-04-08 21:09:00',4,NULL),
	(1508,3,'成功','2017-04-08 21:10:00','2017-04-08 21:10:00',9,NULL),
	(1509,1,'成功','2017-04-08 21:10:00','2017-04-08 21:10:00',75,NULL),
	(1510,1,'成功','2017-04-08 21:11:00','2017-04-08 21:11:00',70,NULL),
	(1511,3,'成功','2017-04-08 21:11:00','2017-04-08 21:11:00',3,NULL),
	(1512,3,'成功','2017-04-08 21:12:00','2017-04-08 21:12:00',6,NULL),
	(1513,1,'成功','2017-04-08 21:12:00','2017-04-08 21:12:00',68,NULL),
	(1514,3,'成功','2017-04-08 21:13:00','2017-04-08 21:13:00',4,NULL),
	(1515,1,'成功','2017-04-08 21:13:00','2017-04-08 21:13:00',69,NULL),
	(1516,1,'成功','2017-04-08 21:14:00','2017-04-08 21:14:00',64,NULL),
	(1517,3,'成功','2017-04-08 21:14:00','2017-04-08 21:14:00',4,NULL),
	(1518,3,'成功','2017-04-08 21:15:00','2017-04-08 21:15:00',4,NULL),
	(1519,1,'成功','2017-04-08 21:15:00','2017-04-08 21:15:00',69,NULL),
	(1520,1,'成功','2017-04-08 21:16:00','2017-04-08 21:16:00',65,NULL),
	(1521,3,'成功','2017-04-08 21:16:00','2017-04-08 21:16:00',2,NULL),
	(1522,1,'成功','2017-04-08 21:17:00','2017-04-08 21:17:00',66,NULL),
	(1523,3,'成功','2017-04-08 21:17:00','2017-04-08 21:17:00',4,NULL),
	(1524,3,'成功','2017-04-08 21:18:00','2017-04-08 21:18:00',7,NULL),
	(1525,1,'成功','2017-04-08 21:18:00','2017-04-08 21:18:00',71,NULL),
	(1526,1,'成功','2017-04-08 21:19:00','2017-04-08 21:19:01',1084,NULL),
	(1527,3,'成功','2017-04-08 21:19:00','2017-04-08 21:19:00',8,NULL),
	(1528,3,'成功','2017-04-08 21:20:00','2017-04-08 21:20:00',6,NULL),
	(1529,1,'成功','2017-04-08 21:20:00','2017-04-08 21:20:00',67,NULL),
	(1530,1,'成功','2017-04-08 21:21:00','2017-04-08 21:21:00',93,NULL),
	(1531,3,'成功','2017-04-08 21:21:00','2017-04-08 21:21:00',6,NULL),
	(1532,1,'成功','2017-04-08 21:22:00','2017-04-08 21:22:00',69,NULL),
	(1533,3,'成功','2017-04-08 21:22:00','2017-04-08 21:22:00',3,NULL),
	(1534,3,'成功','2017-04-08 21:23:00','2017-04-08 21:23:00',5,NULL),
	(1535,1,'成功','2017-04-08 21:23:00','2017-04-08 21:23:00',65,NULL),
	(1536,1,'成功','2017-04-08 21:24:00','2017-04-08 21:24:00',66,NULL),
	(1537,3,'成功','2017-04-08 21:24:00','2017-04-08 21:24:00',5,NULL),
	(1538,3,'成功','2017-04-08 21:25:00','2017-04-08 21:25:00',5,NULL),
	(1539,1,'成功','2017-04-08 21:25:00','2017-04-08 21:25:00',56,NULL),
	(1540,3,'成功','2017-04-08 21:26:00','2017-04-08 21:26:00',3,NULL),
	(1541,1,'成功','2017-04-08 21:26:00','2017-04-08 21:26:00',64,NULL),
	(1542,1,'成功','2017-04-08 21:27:00','2017-04-08 21:27:00',68,NULL),
	(1543,3,'成功','2017-04-08 21:27:00','2017-04-08 21:27:00',5,NULL),
	(1544,1,'成功','2017-04-08 21:28:00','2017-04-08 21:28:00',70,NULL),
	(1545,3,'成功','2017-04-08 21:28:00','2017-04-08 21:28:00',5,NULL),
	(1546,3,'成功','2017-04-08 21:29:00','2017-04-08 21:29:00',8,NULL),
	(1547,1,'成功','2017-04-08 21:29:00','2017-04-08 21:29:00',108,NULL),
	(1548,3,'成功','2017-04-08 21:30:00','2017-04-08 21:30:00',5,NULL),
	(1549,1,'成功','2017-04-08 21:30:00','2017-04-08 21:30:00',67,NULL),
	(1550,3,'成功','2017-04-08 21:31:00','2017-04-08 21:31:00',7,NULL),
	(1551,1,'成功','2017-04-08 21:31:00','2017-04-08 21:31:00',70,NULL),
	(1552,1,'成功','2017-04-08 21:32:00','2017-04-08 21:32:00',64,NULL),
	(1553,3,'成功','2017-04-08 21:32:00','2017-04-08 21:32:00',5,NULL),
	(1554,1,'成功','2017-04-08 21:33:00','2017-04-08 21:33:00',72,NULL),
	(1555,3,'成功','2017-04-08 21:33:00','2017-04-08 21:33:00',5,NULL),
	(1556,3,'成功','2017-04-08 21:34:00','2017-04-08 21:34:00',6,NULL),
	(1557,1,'成功','2017-04-08 21:34:00','2017-04-08 21:34:00',64,NULL),
	(1558,1,'成功','2017-04-08 21:35:00','2017-04-08 21:35:00',83,NULL),
	(1559,3,'成功','2017-04-08 21:35:00','2017-04-08 21:35:00',7,NULL),
	(1560,3,'成功','2017-04-08 21:36:00','2017-04-08 21:36:00',5,NULL),
	(1561,1,'成功','2017-04-08 21:36:00','2017-04-08 21:36:00',70,NULL),
	(1562,1,'成功','2017-04-08 21:37:00','2017-04-08 21:37:00',65,NULL),
	(1563,3,'成功','2017-04-08 21:37:00','2017-04-08 21:37:00',4,NULL),
	(1564,1,'成功','2017-04-08 21:38:00','2017-04-08 21:38:00',66,NULL),
	(1565,3,'成功','2017-04-08 21:38:00','2017-04-08 21:38:00',5,NULL),
	(1566,3,'成功','2017-04-08 21:39:00','2017-04-08 21:39:00',4,NULL),
	(1567,1,'成功','2017-04-08 21:39:00','2017-04-08 21:39:00',87,NULL),
	(1568,3,'成功','2017-04-08 21:40:00','2017-04-08 21:40:00',4,NULL),
	(1569,1,'成功','2017-04-08 21:40:00','2017-04-08 21:40:00',85,NULL),
	(1570,1,'成功','2017-04-08 21:41:00','2017-04-08 21:41:00',61,NULL),
	(1571,3,'成功','2017-04-08 21:41:00','2017-04-08 21:41:00',4,NULL),
	(1572,3,'成功','2017-04-08 21:42:00','2017-04-08 21:42:00',4,NULL),
	(1573,1,'成功','2017-04-08 21:42:00','2017-04-08 21:42:00',65,NULL),
	(1574,1,'成功','2017-04-08 21:43:00','2017-04-08 21:43:00',58,NULL),
	(1575,3,'成功','2017-04-08 21:43:00','2017-04-08 21:43:00',5,NULL),
	(1576,3,'成功','2017-04-08 21:44:00','2017-04-08 21:44:00',8,NULL),
	(1577,1,'成功','2017-04-08 21:44:00','2017-04-08 21:44:00',66,NULL),
	(1578,3,'成功','2017-04-08 21:45:00','2017-04-08 21:45:00',195,NULL),
	(1579,1,'成功','2017-04-08 21:45:00','2017-04-08 21:45:00',64,NULL),
	(1580,1,'成功','2017-04-08 21:46:00','2017-04-08 21:46:00',68,NULL),
	(1581,3,'成功','2017-04-08 21:46:00','2017-04-08 21:46:00',7,NULL),
	(1582,3,'成功','2017-04-08 21:47:00','2017-04-08 21:47:00',4,NULL),
	(1583,1,'成功','2017-04-08 21:47:00','2017-04-08 21:47:00',74,NULL),
	(1584,1,'成功','2017-04-08 21:48:00','2017-04-08 21:48:00',62,NULL),
	(1585,3,'成功','2017-04-08 21:48:00','2017-04-08 21:48:00',4,NULL),
	(1586,3,'成功','2017-04-08 21:49:00','2017-04-08 21:49:00',4,NULL),
	(1587,1,'成功','2017-04-08 21:49:00','2017-04-08 21:49:00',91,NULL),
	(1588,3,'成功','2017-04-08 21:50:00','2017-04-08 21:50:00',6,NULL),
	(1589,1,'成功','2017-04-08 21:50:00','2017-04-08 21:50:00',67,NULL),
	(1590,1,'成功','2017-04-08 21:51:00','2017-04-08 21:51:00',69,NULL),
	(1591,3,'成功','2017-04-08 21:51:00','2017-04-08 21:51:00',4,NULL),
	(1592,3,'成功','2017-04-08 21:52:00','2017-04-08 21:52:00',3,NULL),
	(1593,1,'成功','2017-04-08 21:52:00','2017-04-08 21:52:00',62,NULL),
	(1594,1,'成功','2017-04-08 21:53:00','2017-04-08 21:53:00',65,NULL),
	(1595,3,'成功','2017-04-08 21:53:00','2017-04-08 21:53:00',4,NULL),
	(1596,3,'成功','2017-04-08 21:54:00','2017-04-08 21:54:00',3,NULL),
	(1597,1,'成功','2017-04-08 21:54:00','2017-04-08 21:54:00',76,NULL),
	(1598,3,'成功','2017-04-08 21:55:00','2017-04-08 21:55:00',5,NULL),
	(1599,1,'成功','2017-04-08 21:55:00','2017-04-08 21:55:00',67,NULL),
	(1600,1,'成功','2017-04-08 21:56:00','2017-04-08 21:56:00',68,NULL),
	(1601,3,'成功','2017-04-08 21:56:00','2017-04-08 21:56:00',4,NULL),
	(1602,3,'成功','2017-04-08 21:57:00','2017-04-08 21:57:00',3,NULL),
	(1603,1,'成功','2017-04-08 21:57:00','2017-04-08 21:57:00',58,NULL),
	(1604,3,'成功','2017-04-08 21:58:00','2017-04-08 21:58:00',6,NULL),
	(1605,1,'成功','2017-04-08 21:58:00','2017-04-08 21:58:00',67,NULL),
	(1606,1,'成功','2017-04-08 21:59:00','2017-04-08 21:59:00',80,NULL),
	(1607,3,'成功','2017-04-08 21:59:00','2017-04-08 21:59:00',2,NULL),
	(1608,3,'成功','2017-04-08 22:00:00','2017-04-08 22:00:00',5,NULL),
	(1609,1,'成功','2017-04-08 22:00:00','2017-04-08 22:00:00',66,NULL),
	(1610,1,'成功','2017-04-08 22:01:00','2017-04-08 22:01:00',65,NULL),
	(1611,3,'成功','2017-04-08 22:01:00','2017-04-08 22:01:00',4,NULL),
	(1612,1,'成功','2017-04-08 22:02:00','2017-04-08 22:02:00',74,NULL),
	(1613,3,'成功','2017-04-08 22:02:00','2017-04-08 22:02:00',4,NULL),
	(1614,3,'成功','2017-04-08 22:03:00','2017-04-08 22:03:00',5,NULL),
	(1615,1,'成功','2017-04-08 22:03:00','2017-04-08 22:03:00',65,NULL),
	(1616,1,'成功','2017-04-08 22:04:00','2017-04-08 22:04:00',72,NULL),
	(1617,3,'成功','2017-04-08 22:04:00','2017-04-08 22:04:00',4,NULL),
	(1618,1,'成功','2017-04-08 22:05:00','2017-04-08 22:05:00',67,NULL),
	(1619,3,'成功','2017-04-08 22:05:00','2017-04-08 22:05:00',5,NULL),
	(1620,1,'成功','2017-04-08 22:06:00','2017-04-08 22:06:00',67,NULL),
	(1621,3,'成功','2017-04-08 22:06:00','2017-04-08 22:06:00',4,NULL),
	(1622,1,'成功','2017-04-08 22:07:00','2017-04-08 22:07:00',66,NULL),
	(1623,3,'成功','2017-04-08 22:07:00','2017-04-08 22:07:00',4,NULL),
	(1624,3,'成功','2017-04-08 22:08:00','2017-04-08 22:08:00',5,NULL),
	(1625,1,'成功','2017-04-08 22:08:00','2017-04-08 22:08:00',69,NULL),
	(1626,1,'成功','2017-04-08 22:09:00','2017-04-08 22:09:00',81,NULL),
	(1627,3,'成功','2017-04-08 22:09:00','2017-04-08 22:09:00',4,NULL),
	(1628,3,'成功','2017-04-08 22:10:00','2017-04-08 22:10:00',8,NULL),
	(1629,1,'成功','2017-04-08 22:10:00','2017-04-08 22:10:00',67,NULL),
	(1630,1,'成功','2017-04-08 22:11:00','2017-04-08 22:11:00',70,NULL),
	(1631,3,'成功','2017-04-08 22:11:00','2017-04-08 22:11:00',5,NULL),
	(1632,1,'成功','2017-04-08 22:12:00','2017-04-08 22:12:00',69,NULL),
	(1633,3,'成功','2017-04-08 22:12:00','2017-04-08 22:12:00',2,NULL),
	(1634,1,'成功','2017-04-09 09:31:00','2017-04-09 09:31:00',389,NULL),
	(1635,3,'成功','2017-04-09 09:31:00','2017-04-09 09:31:00',8,NULL),
	(1636,4,'成功','2017-04-09 09:31:24','2017-04-09 09:31:24',2,NULL),
	(1637,1,'成功','2017-04-09 09:32:00','2017-04-09 09:32:00',59,NULL),
	(1638,3,'成功','2017-04-09 09:32:00','2017-04-09 09:32:00',5,NULL),
	(1639,3,'成功','2017-04-12 00:00:00','2017-04-12 00:00:00',10,NULL),
	(1640,1,'成功','2017-04-12 00:00:00','2017-04-12 00:00:00',427,NULL),
	(1641,2,'成功','2017-04-12 00:00:24','2017-04-12 00:00:25',182,NULL),
	(1642,2,'成功','2017-04-12 00:00:29','2017-04-12 00:00:29',149,NULL),
	(1643,1,'成功','2017-04-12 00:00:31','2017-04-12 00:00:31',69,NULL),
	(1644,2,'成功','2017-04-12 00:00:34','2017-04-12 00:00:34',75,NULL),
	(1645,3,'成功','2017-04-12 00:01:00','2017-04-12 00:01:00',5,NULL),
	(1646,1,'成功','2017-04-12 00:01:00','2017-04-12 00:01:00',72,NULL),
	(1647,1,'成功','2017-04-12 00:02:00','2017-04-12 00:02:00',61,NULL),
	(1648,3,'成功','2017-04-12 00:02:00','2017-04-12 00:02:00',3,NULL),
	(1649,3,'成功','2017-04-12 00:03:00','2017-04-12 00:03:00',4,NULL),
	(1650,1,'成功','2017-04-12 00:03:00','2017-04-12 00:03:00',324,NULL),
	(1651,1,'成功','2017-04-12 00:04:00','2017-04-12 00:04:00',70,NULL),
	(1652,3,'成功','2017-04-12 00:04:00','2017-04-12 00:04:00',5,NULL),
	(1653,1,'成功','2017-04-12 00:05:00','2017-04-12 00:05:00',70,NULL),
	(1654,3,'成功','2017-04-12 00:05:00','2017-04-12 00:05:00',3,NULL),
	(1655,3,'成功','2017-04-12 00:06:00','2017-04-12 00:06:00',4,NULL),
	(1656,1,'成功','2017-04-12 00:06:00','2017-04-12 00:06:00',64,NULL),
	(1657,1,'成功','2017-04-12 00:07:00','2017-04-12 00:07:00',66,NULL),
	(1658,3,'成功','2017-04-12 00:07:00','2017-04-12 00:07:00',3,NULL),
	(1659,1,'成功','2017-04-12 00:08:00','2017-04-12 00:08:00',65,NULL),
	(1660,3,'成功','2017-04-12 00:08:00','2017-04-12 00:08:00',4,NULL),
	(1661,1,'成功','2017-04-12 00:09:00','2017-04-12 00:09:00',68,NULL),
	(1662,3,'成功','2017-04-12 00:09:00','2017-04-12 00:09:00',5,NULL),
	(1663,1,'成功','2017-04-12 00:10:00','2017-04-12 00:10:00',84,NULL),
	(1664,3,'成功','2017-04-12 00:10:00','2017-04-12 00:10:00',5,NULL),
	(1665,3,'成功','2017-04-12 00:11:00','2017-04-12 00:11:00',6,NULL),
	(1666,1,'成功','2017-04-12 00:11:00','2017-04-12 00:11:00',69,NULL),
	(1667,1,'成功','2017-04-12 00:12:00','2017-04-12 00:12:00',62,NULL),
	(1668,3,'成功','2017-04-12 00:12:00','2017-04-12 00:12:00',4,NULL),
	(1669,1,'成功','2017-04-12 00:13:00','2017-04-12 00:13:00',65,NULL),
	(1670,3,'成功','2017-04-12 00:13:00','2017-04-12 00:13:00',4,NULL),
	(1671,3,'成功','2017-04-12 00:14:00','2017-04-12 00:14:00',5,NULL),
	(1672,1,'成功','2017-04-12 00:14:00','2017-04-12 00:14:00',69,NULL),
	(1673,1,'成功','2017-04-12 00:15:00','2017-04-12 00:15:00',75,NULL),
	(1674,3,'成功','2017-04-12 00:15:00','2017-04-12 00:15:00',253,NULL),
	(1675,3,'成功','2017-04-12 00:16:00','2017-04-12 00:16:00',4,NULL),
	(1676,1,'成功','2017-04-12 00:16:00','2017-04-12 00:16:00',63,NULL),
	(1677,3,'成功','2017-04-12 00:17:00','2017-04-12 00:17:00',4,NULL),
	(1678,1,'成功','2017-04-12 00:17:00','2017-04-12 00:17:00',73,NULL),
	(1679,3,'成功','2017-04-12 00:18:00','2017-04-12 00:18:00',3,NULL),
	(1680,1,'成功','2017-04-12 00:18:00','2017-04-12 00:18:00',63,NULL),
	(1681,1,'成功','2017-04-12 00:19:00','2017-04-12 00:19:00',69,NULL),
	(1682,3,'成功','2017-04-12 00:19:00','2017-04-12 00:19:00',4,NULL),
	(1683,1,'成功','2017-04-12 00:20:00','2017-04-12 00:20:00',86,NULL),
	(1684,3,'成功','2017-04-12 00:20:00','2017-04-12 00:20:00',4,NULL),
	(1685,3,'成功','2017-04-12 00:21:00','2017-04-12 00:21:00',4,NULL),
	(1686,1,'成功','2017-04-12 00:21:00','2017-04-12 00:21:00',57,NULL),
	(1687,3,'成功','2017-04-12 00:22:00','2017-04-12 00:22:00',4,NULL),
	(1688,1,'成功','2017-04-12 00:22:00','2017-04-12 00:22:00',64,NULL),
	(1689,3,'成功','2017-04-12 00:23:00','2017-04-12 00:23:00',5,NULL),
	(1690,1,'成功','2017-04-12 00:23:00','2017-04-12 00:23:00',63,NULL),
	(1691,3,'成功','2017-04-12 00:24:00','2017-04-12 00:24:00',4,NULL),
	(1692,1,'成功','2017-04-12 00:24:00','2017-04-12 00:24:00',64,NULL),
	(1693,1,'成功','2017-04-12 00:25:00','2017-04-12 00:25:00',60,NULL),
	(1694,3,'成功','2017-04-12 00:25:00','2017-04-12 00:25:00',4,NULL),
	(1695,1,'成功','2017-04-12 00:26:00','2017-04-12 00:26:00',61,NULL),
	(1696,3,'成功','2017-04-12 00:26:00','2017-04-12 00:26:00',4,NULL),
	(1697,1,'成功','2017-04-12 00:27:00','2017-04-12 00:27:00',63,NULL),
	(1698,3,'成功','2017-04-12 00:27:00','2017-04-12 00:27:00',5,NULL),
	(1699,3,'成功','2017-04-12 00:28:00','2017-04-12 00:28:00',5,NULL),
	(1700,1,'成功','2017-04-12 00:28:00','2017-04-12 00:28:00',58,NULL),
	(1701,3,'成功','2017-04-12 00:29:00','2017-04-12 00:29:00',3,NULL),
	(1702,1,'成功','2017-04-12 00:29:00','2017-04-12 00:29:00',69,NULL),
	(1703,3,'成功','2017-04-12 00:30:00','2017-04-12 00:30:00',4,NULL),
	(1704,1,'成功','2017-04-12 00:30:00','2017-04-12 00:30:00',87,NULL),
	(1705,3,'成功','2017-04-12 00:31:00','2017-04-12 00:31:00',3,NULL),
	(1706,1,'成功','2017-04-12 00:31:00','2017-04-12 00:31:00',64,NULL),
	(1707,1,'成功','2017-04-12 00:32:00','2017-04-12 00:32:00',337,NULL),
	(1708,3,'成功','2017-04-12 00:32:00','2017-04-12 00:32:00',8,NULL),
	(1709,1,'成功','2017-04-12 00:33:00','2017-04-12 00:33:00',65,NULL),
	(1710,3,'成功','2017-04-12 00:33:00','2017-04-12 00:33:00',3,NULL),
	(1711,3,'成功','2017-04-12 00:34:00','2017-04-12 00:34:00',4,NULL),
	(1712,1,'成功','2017-04-12 00:34:00','2017-04-12 00:34:00',345,NULL),
	(1713,3,'成功','2017-04-12 00:35:00','2017-04-12 00:35:00',4,NULL),
	(1714,1,'成功','2017-04-12 00:35:00','2017-04-12 00:35:00',72,NULL),
	(1715,1,'成功','2017-04-12 00:37:00','2017-04-12 00:37:00',340,NULL),
	(1716,3,'成功','2017-04-12 00:37:00','2017-04-12 00:37:00',4,NULL),
	(1717,1,'成功','2017-04-12 00:38:00','2017-04-12 00:38:00',75,NULL),
	(1718,3,'成功','2017-04-12 00:38:00','2017-04-12 00:38:00',6,NULL),
	(1719,1,'成功','2017-04-12 00:39:00','2017-04-12 00:39:00',64,NULL),
	(1720,3,'成功','2017-04-12 00:39:00','2017-04-12 00:39:00',5,NULL),
	(1721,3,'成功','2017-04-12 00:40:00','2017-04-12 00:40:00',4,NULL),
	(1722,1,'成功','2017-04-12 00:40:00','2017-04-12 00:40:00',93,NULL),
	(1723,3,'成功','2017-04-12 00:41:00','2017-04-12 00:41:00',3,NULL),
	(1724,1,'成功','2017-04-12 00:41:00','2017-04-12 00:41:00',67,NULL),
	(1725,1,'成功','2017-04-12 00:42:00','2017-04-12 00:42:00',58,NULL),
	(1726,3,'成功','2017-04-12 00:42:00','2017-04-12 00:42:00',4,NULL),
	(1727,3,'成功','2017-04-12 00:43:00','2017-04-12 00:43:00',5,NULL),
	(1728,1,'成功','2017-04-12 00:43:00','2017-04-12 00:43:00',70,NULL),
	(1729,1,'成功','2017-04-12 00:44:00','2017-04-12 00:44:00',67,NULL),
	(1730,3,'成功','2017-04-12 00:44:00','2017-04-12 00:44:00',4,NULL),
	(1731,1,'成功','2017-04-12 00:45:00','2017-04-12 00:45:00',72,NULL),
	(1732,3,'成功','2017-04-12 00:45:00','2017-04-12 00:45:00',4,NULL),
	(1733,1,'成功','2017-04-12 00:46:00','2017-04-12 00:46:00',58,NULL),
	(1734,3,'成功','2017-04-12 00:46:00','2017-04-12 00:46:00',2,NULL),
	(1735,1,'成功','2017-04-12 00:47:00','2017-04-12 00:47:00',60,NULL),
	(1736,3,'成功','2017-04-12 00:47:00','2017-04-12 00:47:00',4,NULL),
	(1737,3,'成功','2017-04-12 00:48:00','2017-04-12 00:48:00',5,NULL),
	(1738,1,'成功','2017-04-12 00:48:00','2017-04-12 00:48:00',58,NULL),
	(1739,3,'成功','2017-04-12 00:49:00','2017-04-12 00:49:00',5,NULL),
	(1740,1,'成功','2017-04-12 00:49:00','2017-04-12 00:49:00',66,NULL),
	(1741,3,'成功','2017-04-12 00:50:00','2017-04-12 00:50:00',5,NULL),
	(1742,1,'成功','2017-04-12 00:50:00','2017-04-12 00:50:00',74,NULL),
	(1743,3,'成功','2017-04-12 00:51:00','2017-04-12 00:51:00',5,NULL),
	(1744,1,'成功','2017-04-12 00:51:00','2017-04-12 00:51:00',67,NULL),
	(1745,1,'成功','2017-04-12 00:52:00','2017-04-12 00:52:00',78,NULL),
	(1746,3,'成功','2017-04-12 00:52:00','2017-04-12 00:52:00',5,NULL),
	(1747,1,'成功','2017-04-12 00:53:00','2017-04-12 00:53:00',67,NULL),
	(1748,3,'成功','2017-04-12 00:53:00','2017-04-12 00:53:00',3,NULL),
	(1749,3,'成功','2017-04-12 00:54:00','2017-04-12 00:54:00',5,NULL),
	(1750,1,'成功','2017-04-12 00:54:00','2017-04-12 00:54:00',70,NULL),
	(1751,1,'成功','2017-04-12 00:55:00','2017-04-12 00:55:00',69,NULL),
	(1752,3,'成功','2017-04-12 00:55:00','2017-04-12 00:55:00',5,NULL),
	(1753,1,'成功','2017-04-12 00:56:00','2017-04-12 00:56:00',310,NULL),
	(1754,3,'成功','2017-04-12 00:56:00','2017-04-12 00:56:00',5,NULL),
	(1755,1,'成功','2017-04-12 00:57:00','2017-04-12 00:57:00',64,NULL),
	(1756,3,'成功','2017-04-12 00:57:00','2017-04-12 00:57:00',4,NULL),
	(1757,1,'成功','2017-04-12 00:58:00','2017-04-12 00:58:00',64,NULL),
	(1758,3,'成功','2017-04-12 00:58:00','2017-04-12 00:58:00',3,NULL),
	(1759,1,'成功','2017-04-12 00:59:00','2017-04-12 00:59:00',63,NULL),
	(1760,3,'成功','2017-04-12 00:59:00','2017-04-12 00:59:00',4,NULL),
	(1761,1,'成功','2017-04-12 01:00:00','2017-04-12 01:00:00',84,NULL),
	(1762,3,'成功','2017-04-12 01:00:00','2017-04-12 01:00:00',3,NULL),
	(1763,3,'成功','2017-04-12 01:01:00','2017-04-12 01:01:00',4,NULL),
	(1764,1,'成功','2017-04-12 01:01:00','2017-04-12 01:01:00',67,NULL),
	(1765,3,'成功','2017-04-12 01:02:00','2017-04-12 01:02:00',4,NULL),
	(1766,1,'成功','2017-04-12 01:02:00','2017-04-12 01:02:00',63,NULL),
	(1767,1,'成功','2017-04-12 01:03:00','2017-04-12 01:03:00',58,NULL),
	(1768,3,'成功','2017-04-12 01:03:00','2017-04-12 01:03:00',5,NULL),
	(1769,3,'成功','2017-05-08 13:54:00','2017-05-08 13:54:00',8,NULL),
	(1770,1,'成功','2017-05-08 13:54:00','2017-05-08 13:54:00',313,NULL),
	(1771,1,'成功','2017-05-08 13:55:00','2017-05-08 13:55:00',45,NULL),
	(1772,3,'成功','2017-05-08 13:55:00','2017-05-08 13:55:00',6,NULL),
	(1773,1,'成功','2017-05-08 13:56:00','2017-05-08 13:56:00',43,NULL),
	(1774,3,'成功','2017-05-08 13:56:00','2017-05-08 13:56:00',5,NULL),
	(1775,3,'成功','2017-05-08 13:57:00','2017-05-08 13:57:00',6,NULL),
	(1776,1,'成功','2017-05-08 13:57:00','2017-05-08 13:57:00',43,NULL),
	(1777,1,'成功','2017-05-08 13:58:00','2017-05-08 13:58:00',49,NULL),
	(1778,3,'成功','2017-05-08 13:58:00','2017-05-08 13:58:00',7,NULL),
	(1779,3,'成功','2017-05-08 13:59:00','2017-05-08 13:59:00',5,NULL),
	(1780,1,'成功','2017-05-08 13:59:00','2017-05-08 13:59:00',49,NULL),
	(1781,1,'成功','2017-05-08 14:00:00','2017-05-08 14:00:00',39,NULL),
	(1782,3,'成功','2017-05-08 14:00:00','2017-05-08 14:00:00',6,NULL),
	(1783,1,'成功','2017-05-08 14:01:00','2017-05-08 14:01:00',44,NULL),
	(1784,3,'成功','2017-05-08 14:01:00','2017-05-08 14:01:00',4,NULL),
	(1785,1,'成功','2017-05-08 14:02:00','2017-05-08 14:02:00',47,NULL),
	(1786,3,'成功','2017-05-08 14:02:00','2017-05-08 14:02:00',3,NULL),
	(1787,1,'成功','2017-05-08 14:03:00','2017-05-08 14:03:00',53,NULL),
	(1788,3,'成功','2017-05-08 14:03:00','2017-05-08 14:03:00',4,NULL),
	(1789,1,'成功','2017-05-08 14:04:00','2017-05-08 14:04:00',43,NULL),
	(1790,3,'成功','2017-05-08 14:04:00','2017-05-08 14:04:00',3,NULL),
	(1791,1,'成功','2017-05-08 14:05:00','2017-05-08 14:05:00',48,NULL),
	(1792,3,'成功','2017-05-08 14:05:00','2017-05-08 14:05:00',3,NULL),
	(1793,3,'成功','2017-05-08 14:06:00','2017-05-08 14:06:00',4,NULL),
	(1794,1,'成功','2017-05-08 14:06:00','2017-05-08 14:06:00',48,NULL),
	(1795,3,'成功','2017-05-08 14:07:00','2017-05-08 14:07:00',4,NULL),
	(1796,1,'成功','2017-05-08 14:07:00','2017-05-08 14:07:00',41,NULL),
	(1797,3,'成功','2017-05-08 14:08:00','2017-05-08 14:08:00',5,NULL),
	(1798,1,'成功','2017-05-08 14:08:00','2017-05-08 14:08:00',42,NULL),
	(1799,3,'成功','2017-05-08 14:09:00','2017-05-08 14:09:00',5,NULL),
	(1800,1,'成功','2017-05-08 14:09:00','2017-05-08 14:09:00',47,NULL),
	(1801,1,'成功','2017-05-08 14:10:00','2017-05-08 14:10:00',45,NULL),
	(1802,3,'成功','2017-05-08 14:10:00','2017-05-08 14:10:00',5,NULL),
	(1803,3,'成功','2017-05-08 14:11:00','2017-05-08 14:11:00',5,NULL),
	(1804,1,'成功','2017-05-08 14:11:00','2017-05-08 14:11:00',45,NULL),
	(1805,1,'成功','2017-05-08 14:12:00','2017-05-08 14:12:00',50,NULL),
	(1806,3,'成功','2017-05-08 14:12:00','2017-05-08 14:12:00',3,NULL),
	(1807,3,'成功','2017-05-08 14:13:00','2017-05-08 14:13:00',5,NULL),
	(1808,1,'成功','2017-05-08 14:13:00','2017-05-08 14:13:00',46,NULL),
	(1809,3,'成功','2017-05-08 14:14:00','2017-05-08 14:14:00',4,NULL),
	(1810,1,'成功','2017-05-08 14:14:00','2017-05-08 14:14:00',51,NULL),
	(1811,1,'成功','2017-05-08 14:15:00','2017-05-08 14:15:00',45,NULL),
	(1812,3,'成功','2017-05-08 14:15:00','2017-05-08 14:15:00',4,NULL),
	(1813,3,'成功','2017-05-08 14:16:00','2017-05-08 14:16:00',5,NULL),
	(1814,1,'成功','2017-05-08 14:16:00','2017-05-08 14:16:00',51,NULL),
	(1815,1,'成功','2017-05-08 14:17:00','2017-05-08 14:17:00',44,NULL),
	(1816,3,'成功','2017-05-08 14:17:00','2017-05-08 14:17:00',5,NULL),
	(1817,3,'成功','2017-05-08 14:18:00','2017-05-08 14:18:00',5,NULL),
	(1818,1,'成功','2017-05-08 14:18:00','2017-05-08 14:18:00',47,NULL),
	(1819,3,'成功','2017-05-08 14:19:00','2017-05-08 14:19:00',4,NULL),
	(1820,1,'成功','2017-05-08 14:19:00','2017-05-08 14:19:00',51,NULL),
	(1821,3,'成功','2017-05-08 14:20:00','2017-05-08 14:20:00',4,NULL),
	(1822,1,'成功','2017-05-08 14:20:00','2017-05-08 14:20:00',44,NULL),
	(1823,3,'成功','2017-05-08 14:21:00','2017-05-08 14:21:00',5,NULL),
	(1824,1,'成功','2017-05-08 14:21:00','2017-05-08 14:21:00',46,NULL),
	(1825,1,'成功','2017-05-08 14:22:00','2017-05-08 14:22:00',38,NULL),
	(1826,3,'成功','2017-05-08 14:22:00','2017-05-08 14:22:00',4,NULL),
	(1827,3,'成功','2017-05-08 14:23:00','2017-05-08 14:23:00',4,NULL),
	(1828,1,'成功','2017-05-08 14:23:00','2017-05-08 14:23:00',59,NULL),
	(1829,3,'成功','2017-05-08 14:24:00','2017-05-08 14:24:00',4,NULL),
	(1830,1,'成功','2017-05-08 14:24:00','2017-05-08 14:24:00',46,NULL),
	(1831,1,'成功','2017-05-08 14:25:00','2017-05-08 14:25:00',52,NULL),
	(1832,3,'成功','2017-05-08 14:25:00','2017-05-08 14:25:00',5,NULL),
	(1833,1,'成功','2017-05-08 14:26:00','2017-05-08 14:26:00',44,NULL),
	(1834,3,'成功','2017-05-08 14:26:00','2017-05-08 14:26:00',4,NULL),
	(1835,1,'成功','2017-05-08 14:27:00','2017-05-08 14:27:00',45,NULL),
	(1836,3,'成功','2017-05-08 14:27:00','2017-05-08 14:27:00',4,NULL),
	(1837,1,'成功','2017-05-08 14:28:00','2017-05-08 14:28:00',38,NULL),
	(1838,3,'成功','2017-05-08 14:28:00','2017-05-08 14:28:00',6,NULL),
	(1839,1,'成功','2017-05-08 14:29:00','2017-05-08 14:29:00',46,NULL),
	(1840,3,'成功','2017-05-08 14:29:00','2017-05-08 14:29:00',4,NULL),
	(1841,3,'成功','2017-05-08 14:30:00','2017-05-08 14:30:00',6,NULL),
	(1842,1,'成功','2017-05-08 14:30:00','2017-05-08 14:30:00',52,NULL),
	(1843,3,'成功','2017-05-08 14:31:00','2017-05-08 14:31:00',5,NULL),
	(1844,1,'成功','2017-05-08 14:31:00','2017-05-08 14:31:00',43,NULL),
	(1845,3,'成功','2017-05-08 14:32:00','2017-05-08 14:32:00',5,NULL),
	(1846,1,'成功','2017-05-08 14:32:00','2017-05-08 14:32:00',46,NULL),
	(1847,1,'成功','2017-05-08 14:33:00','2017-05-08 14:33:00',263,NULL),
	(1848,3,'成功','2017-05-08 14:33:00','2017-05-08 14:33:00',4,NULL),
	(1849,1,'成功','2017-05-08 14:34:00','2017-05-08 14:34:00',51,NULL),
	(1850,3,'成功','2017-05-08 14:34:00','2017-05-08 14:34:00',4,NULL),
	(1851,3,'成功','2017-05-08 14:35:00','2017-05-08 14:35:00',6,NULL),
	(1852,1,'成功','2017-05-08 14:35:00','2017-05-08 14:35:00',52,NULL),
	(1853,3,'成功','2017-05-08 14:36:00','2017-05-08 14:36:00',5,NULL),
	(1854,1,'成功','2017-05-08 14:36:00','2017-05-08 14:36:00',43,NULL),
	(1855,3,'成功','2017-05-08 14:37:00','2017-05-08 14:37:00',5,NULL),
	(1856,1,'成功','2017-05-08 14:37:00','2017-05-08 14:37:00',99,NULL),
	(1857,3,'成功','2017-05-08 14:38:00','2017-05-08 14:38:00',5,NULL),
	(1858,1,'成功','2017-05-08 14:38:00','2017-05-08 14:38:00',43,NULL),
	(1859,3,'成功','2017-05-08 14:39:00','2017-05-08 14:39:00',5,NULL),
	(1860,1,'成功','2017-05-08 14:39:00','2017-05-08 14:39:00',40,NULL),
	(1861,1,'成功','2017-05-08 14:40:00','2017-05-08 14:40:00',38,NULL),
	(1862,3,'成功','2017-05-08 14:40:00','2017-05-08 14:40:00',3,NULL),
	(1863,1,'成功','2017-05-08 14:41:00','2017-05-08 14:41:00',56,NULL),
	(1864,3,'成功','2017-05-08 14:41:00','2017-05-08 14:41:00',5,NULL),
	(1865,1,'成功','2017-05-08 14:42:00','2017-05-08 14:42:00',48,NULL),
	(1866,3,'成功','2017-05-08 14:42:00','2017-05-08 14:42:00',4,NULL),
	(1867,1,'成功','2017-05-08 14:43:00','2017-05-08 14:43:00',55,NULL),
	(1868,3,'成功','2017-05-08 14:43:00','2017-05-08 14:43:00',4,NULL),
	(1869,1,'成功','2017-05-08 14:44:00','2017-05-08 14:44:00',36,NULL),
	(1870,3,'成功','2017-05-08 14:44:00','2017-05-08 14:44:00',4,NULL),
	(1871,1,'成功','2017-05-08 14:45:00','2017-05-08 14:45:00',36,NULL),
	(1872,3,'成功','2017-05-08 14:45:00','2017-05-08 14:45:00',4,NULL),
	(1873,3,'成功','2017-05-08 14:46:00','2017-05-08 14:46:00',5,NULL),
	(1874,1,'成功','2017-05-08 14:46:00','2017-05-08 14:46:00',40,NULL),
	(1875,3,'成功','2017-05-08 14:47:00','2017-05-08 14:47:00',4,NULL),
	(1876,1,'成功','2017-05-08 14:47:00','2017-05-08 14:47:00',45,NULL),
	(1877,1,'成功','2017-05-08 14:48:00','2017-05-08 14:48:00',45,NULL),
	(1878,3,'成功','2017-05-08 14:48:00','2017-05-08 14:48:00',4,NULL),
	(1879,3,'成功','2017-05-08 14:49:00','2017-05-08 14:49:00',5,NULL),
	(1880,1,'成功','2017-05-08 14:49:00','2017-05-08 14:49:00',40,NULL),
	(1881,1,'成功','2017-05-08 14:50:00','2017-05-08 14:50:01',687,NULL),
	(1882,3,'成功','2017-05-08 14:50:00','2017-05-08 14:50:00',5,NULL),
	(1883,3,'成功','2017-05-08 14:51:00','2017-05-08 14:51:00',4,NULL),
	(1884,1,'成功','2017-05-08 14:51:00','2017-05-08 14:51:00',39,NULL),
	(1885,3,'成功','2017-05-08 14:52:00','2017-05-08 14:52:00',4,NULL),
	(1886,1,'成功','2017-05-08 14:52:00','2017-05-08 14:52:00',39,NULL),
	(1887,3,'成功','2017-05-08 14:53:00','2017-05-08 14:53:00',5,NULL),
	(1888,1,'成功','2017-05-08 14:53:00','2017-05-08 14:53:00',53,NULL),
	(1889,1,'成功','2017-05-08 14:54:00','2017-05-08 14:54:00',56,NULL),
	(1890,3,'成功','2017-05-08 14:54:00','2017-05-08 14:54:00',3,NULL),
	(1891,3,'成功','2017-05-08 14:55:00','2017-05-08 14:55:00',5,NULL),
	(1892,1,'成功','2017-05-08 14:55:00','2017-05-08 14:55:00',45,NULL),
	(1893,3,'成功','2017-05-08 14:56:00','2017-05-08 14:56:00',4,NULL),
	(1894,1,'成功','2017-05-08 14:56:00','2017-05-08 14:56:00',44,NULL),
	(1895,3,'成功','2017-05-08 14:57:00','2017-05-08 14:57:00',5,NULL),
	(1896,1,'成功','2017-05-08 14:57:00','2017-05-08 14:57:00',43,NULL),
	(1897,3,'成功','2017-05-08 14:58:00','2017-05-08 14:58:00',4,NULL),
	(1898,1,'成功','2017-05-08 14:58:00','2017-05-08 14:58:00',43,NULL),
	(1899,1,'成功','2017-05-08 14:59:00','2017-05-08 14:59:00',41,NULL),
	(1900,3,'成功','2017-05-08 14:59:00','2017-05-08 14:59:00',5,NULL),
	(1901,3,'成功','2017-05-08 15:00:00','2017-05-08 15:00:00',4,NULL),
	(1902,1,'成功','2017-05-08 15:00:00','2017-05-08 15:00:00',41,NULL),
	(1903,1,'成功','2017-05-08 15:01:00','2017-05-08 15:01:00',44,NULL),
	(1904,3,'成功','2017-05-08 15:01:00','2017-05-08 15:01:00',5,NULL),
	(1905,1,'成功','2017-05-08 15:02:00','2017-05-08 15:02:00',46,NULL),
	(1906,3,'成功','2017-05-08 15:02:00','2017-05-08 15:02:00',5,NULL),
	(1907,3,'成功','2017-05-08 15:03:00','2017-05-08 15:03:00',4,NULL),
	(1908,1,'成功','2017-05-08 15:03:00','2017-05-08 15:03:00',48,NULL),
	(1909,1,'成功','2017-05-08 15:04:00','2017-05-08 15:04:00',42,NULL),
	(1910,3,'成功','2017-05-08 15:04:00','2017-05-08 15:04:00',4,NULL),
	(1911,1,'成功','2017-05-08 15:05:00','2017-05-08 15:05:00',46,NULL),
	(1912,3,'成功','2017-05-08 15:05:00','2017-05-08 15:05:00',5,NULL),
	(1913,1,'成功','2017-05-08 15:06:00','2017-05-08 15:06:00',40,NULL),
	(1914,3,'成功','2017-05-08 15:06:00','2017-05-08 15:06:00',5,NULL),
	(1915,3,'成功','2017-05-08 15:07:00','2017-05-08 15:07:00',6,NULL),
	(1916,1,'成功','2017-05-08 15:07:00','2017-05-08 15:07:00',43,NULL),
	(1917,3,'成功','2017-05-08 15:08:00','2017-05-08 15:08:00',5,NULL),
	(1918,1,'成功','2017-05-08 15:08:00','2017-05-08 15:08:00',40,NULL),
	(1919,1,'成功','2017-05-08 15:09:00','2017-05-08 15:09:01',1045,NULL),
	(1920,3,'成功','2017-05-08 15:09:00','2017-05-08 15:09:00',3,NULL),
	(1921,1,'成功','2017-05-08 15:10:00','2017-05-08 15:10:00',69,NULL),
	(1922,3,'成功','2017-05-08 15:10:00','2017-05-08 15:10:00',4,NULL),
	(1923,1,'成功','2017-05-08 15:11:00','2017-05-08 15:11:00',49,NULL),
	(1924,3,'成功','2017-05-08 15:11:00','2017-05-08 15:11:00',5,NULL),
	(1925,1,'成功','2017-05-08 15:12:00','2017-05-08 15:12:00',37,NULL),
	(1926,3,'成功','2017-05-08 15:12:00','2017-05-08 15:12:00',5,NULL),
	(1927,1,'成功','2017-05-08 15:13:00','2017-05-08 15:13:00',46,NULL),
	(1928,3,'成功','2017-05-08 15:13:00','2017-05-08 15:13:00',4,NULL),
	(1929,3,'成功','2017-05-08 15:14:00','2017-05-08 15:14:00',2,NULL),
	(1930,1,'成功','2017-05-08 15:14:00','2017-05-08 15:14:00',246,NULL),
	(1931,3,'成功','2017-05-08 15:15:00','2017-05-08 15:15:00',6,NULL),
	(1932,1,'成功','2017-05-08 15:15:00','2017-05-08 15:15:00',55,NULL),
	(1933,3,'成功','2017-05-08 15:16:00','2017-05-08 15:16:00',4,NULL),
	(1934,1,'成功','2017-05-08 15:16:00','2017-05-08 15:16:00',45,NULL),
	(1935,1,'成功','2017-05-08 15:17:00','2017-05-08 15:17:00',42,NULL),
	(1936,3,'成功','2017-05-08 15:17:00','2017-05-08 15:17:00',5,NULL),
	(1937,1,'成功','2017-05-08 15:18:00','2017-05-08 15:18:00',45,NULL),
	(1938,3,'成功','2017-05-08 15:18:00','2017-05-08 15:18:00',4,NULL),
	(1939,1,'成功','2017-05-08 15:19:00','2017-05-08 15:19:00',48,NULL),
	(1940,3,'成功','2017-05-08 15:19:00','2017-05-08 15:19:00',5,NULL),
	(1941,3,'成功','2017-05-08 15:20:00','2017-05-08 15:20:00',6,NULL),
	(1942,1,'成功','2017-05-08 15:20:00','2017-05-08 15:20:00',45,NULL),
	(1943,3,'成功','2017-05-08 15:21:00','2017-05-08 15:21:00',5,NULL),
	(1944,1,'成功','2017-05-08 15:21:00','2017-05-08 15:21:00',49,NULL),
	(1945,3,'成功','2017-05-08 15:22:00','2017-05-08 15:22:00',5,NULL),
	(1946,1,'成功','2017-05-08 15:22:00','2017-05-08 15:22:00',45,NULL),
	(1947,3,'成功','2017-05-08 15:23:00','2017-05-08 15:23:00',5,NULL),
	(1948,1,'成功','2017-05-08 15:23:00','2017-05-08 15:23:00',45,NULL),
	(1949,3,'成功','2017-05-08 15:24:00','2017-05-08 15:24:00',6,NULL),
	(1950,1,'成功','2017-05-08 15:24:00','2017-05-08 15:24:00',49,NULL),
	(1951,3,'成功','2017-05-08 15:25:00','2017-05-08 15:25:00',5,NULL),
	(1952,1,'成功','2017-05-08 15:25:00','2017-05-08 15:25:00',54,NULL),
	(1953,1,'成功','2017-05-08 15:26:00','2017-05-08 15:26:00',45,NULL),
	(1954,3,'成功','2017-05-08 15:26:00','2017-05-08 15:26:00',5,NULL),
	(1955,3,'成功','2017-05-08 15:27:00','2017-05-08 15:27:00',6,NULL),
	(1956,1,'成功','2017-05-08 15:27:00','2017-05-08 15:27:00',44,NULL),
	(1957,3,'成功','2017-05-08 15:28:00','2017-05-08 15:28:00',5,NULL),
	(1958,1,'成功','2017-05-08 15:28:00','2017-05-08 15:28:00',41,NULL),
	(1959,3,'成功','2017-05-08 15:29:00','2017-05-08 15:29:00',5,NULL),
	(1960,1,'成功','2017-05-08 15:29:00','2017-05-08 15:29:00',44,NULL),
	(1961,3,'成功','2017-05-08 15:30:00','2017-05-08 15:30:00',6,NULL),
	(1962,1,'成功','2017-05-08 15:30:00','2017-05-08 15:30:00',46,NULL),
	(1963,3,'成功','2017-05-08 15:31:00','2017-05-08 15:31:00',5,NULL),
	(1964,1,'成功','2017-05-08 15:31:00','2017-05-08 15:31:00',61,NULL),
	(1965,3,'成功','2017-05-08 15:32:00','2017-05-08 15:32:00',5,NULL),
	(1966,1,'成功','2017-05-08 15:32:00','2017-05-08 15:32:00',40,NULL),
	(1967,1,'成功','2017-05-08 15:33:00','2017-05-08 15:33:00',51,NULL),
	(1968,3,'成功','2017-05-08 15:33:00','2017-05-08 15:33:00',4,NULL),
	(1969,1,'成功','2017-05-08 15:34:00','2017-05-08 15:34:00',40,NULL),
	(1970,3,'成功','2017-05-08 15:34:00','2017-05-08 15:34:00',5,NULL),
	(1971,3,'成功','2017-05-08 15:35:00','2017-05-08 15:35:00',4,NULL),
	(1972,1,'成功','2017-05-08 15:35:00','2017-05-08 15:35:00',49,NULL),
	(1973,1,'成功','2017-05-08 15:36:00','2017-05-08 15:36:00',45,NULL),
	(1974,3,'成功','2017-05-08 15:36:00','2017-05-08 15:36:00',5,NULL),
	(1975,1,'成功','2017-05-08 15:38:26','2017-05-08 15:38:26',59,NULL),
	(1976,3,'成功','2017-05-08 15:38:26','2017-05-08 15:38:26',5,NULL),
	(1977,3,'成功','2017-05-08 15:39:00','2017-05-08 15:39:00',5,NULL),
	(1978,1,'成功','2017-05-08 15:39:00','2017-05-08 15:39:00',41,NULL),
	(1979,3,'成功','2017-05-08 15:40:00','2017-05-08 15:40:00',5,NULL),
	(1980,1,'成功','2017-05-08 15:40:00','2017-05-08 15:40:00',330,NULL),
	(1981,3,'成功','2017-05-08 15:41:00','2017-05-08 15:41:00',5,NULL),
	(1982,1,'成功','2017-05-08 15:41:00','2017-05-08 15:41:00',42,NULL),
	(1983,1,'成功','2017-05-08 15:42:00','2017-05-08 15:42:00',51,NULL),
	(1984,3,'成功','2017-05-08 15:42:00','2017-05-08 15:42:00',5,NULL),
	(1985,1,'成功','2017-05-08 15:43:00','2017-05-08 15:43:00',47,NULL),
	(1986,3,'成功','2017-05-08 15:43:00','2017-05-08 15:43:00',6,NULL),
	(1987,1,'成功','2017-05-08 15:44:00','2017-05-08 15:44:00',43,NULL),
	(1988,3,'成功','2017-05-08 15:44:00','2017-05-08 15:44:00',5,NULL),
	(1989,1,'成功','2017-05-08 15:45:00','2017-05-08 15:45:00',56,NULL),
	(1990,3,'成功','2017-05-08 15:45:00','2017-05-08 15:45:00',6,NULL),
	(1991,3,'成功','2017-05-08 15:46:00','2017-05-08 15:46:00',5,NULL),
	(1992,1,'成功','2017-05-08 15:46:00','2017-05-08 15:46:00',49,NULL),
	(1993,1,'成功','2017-05-08 15:47:00','2017-05-08 15:47:00',40,NULL),
	(1994,3,'成功','2017-05-08 15:47:00','2017-05-08 15:47:00',4,NULL),
	(1995,1,'成功','2017-05-08 15:48:00','2017-05-08 15:48:00',47,NULL),
	(1996,3,'成功','2017-05-08 15:48:00','2017-05-08 15:48:00',6,NULL),
	(1997,3,'成功','2017-05-08 15:49:00','2017-05-08 15:49:00',6,NULL),
	(1998,1,'成功','2017-05-08 15:49:00','2017-05-08 15:49:00',44,NULL),
	(1999,1,'成功','2017-05-08 15:50:00','2017-05-08 15:50:03',3151,NULL),
	(2000,3,'成功','2017-05-08 15:50:00','2017-05-08 15:50:00',5,NULL),
	(2001,3,'成功','2017-05-08 15:51:00','2017-05-08 15:51:00',6,NULL),
	(2002,1,'成功','2017-05-08 15:51:00','2017-05-08 15:51:00',49,NULL),
	(2003,1,'成功','2017-05-08 15:52:00','2017-05-08 15:52:00',41,NULL),
	(2004,3,'成功','2017-05-08 15:52:00','2017-05-08 15:52:00',4,NULL),
	(2005,3,'成功','2017-05-08 15:53:00','2017-05-08 15:53:00',6,NULL),
	(2006,1,'成功','2017-05-08 15:53:00','2017-05-08 15:53:00',60,NULL),
	(2007,3,'成功','2017-05-08 15:54:00','2017-05-08 15:54:00',6,NULL),
	(2008,1,'成功','2017-05-08 15:54:00','2017-05-08 15:54:00',42,NULL),
	(2009,1,'成功','2017-05-08 15:55:00','2017-05-08 15:55:00',38,NULL),
	(2010,3,'成功','2017-05-08 15:55:00','2017-05-08 15:55:00',4,NULL),
	(2011,3,'成功','2017-05-08 15:56:00','2017-05-08 15:56:00',5,NULL),
	(2012,1,'成功','2017-05-08 15:56:00','2017-05-08 15:56:00',52,NULL),
	(2013,1,'成功','2017-05-08 15:57:00','2017-05-08 15:57:00',47,NULL),
	(2014,3,'成功','2017-05-08 15:57:00','2017-05-08 15:57:00',5,NULL),
	(2015,1,'成功','2017-05-08 15:58:00','2017-05-08 15:58:00',44,NULL),
	(2016,3,'成功','2017-05-08 15:58:00','2017-05-08 15:58:00',5,NULL),
	(2017,1,'成功','2017-05-08 15:59:00','2017-05-08 15:59:00',52,NULL),
	(2018,3,'成功','2017-05-08 15:59:00','2017-05-08 15:59:00',6,NULL),
	(2019,3,'成功','2017-05-08 16:00:00','2017-05-08 16:00:00',3,NULL),
	(2020,1,'成功','2017-05-08 16:00:00','2017-05-08 16:00:00',36,NULL),
	(2021,1,'成功','2017-05-08 16:01:00','2017-05-08 16:01:00',47,NULL),
	(2022,3,'成功','2017-05-08 16:01:00','2017-05-08 16:01:00',4,NULL),
	(2023,3,'成功','2017-05-08 16:02:00','2017-05-08 16:02:00',5,NULL),
	(2024,1,'成功','2017-05-08 16:02:00','2017-05-08 16:02:00',47,NULL),
	(2025,3,'成功','2017-05-08 16:03:00','2017-05-08 16:03:00',4,NULL),
	(2026,1,'成功','2017-05-08 16:03:00','2017-05-08 16:03:00',47,NULL),
	(2027,1,'成功','2017-05-08 16:04:00','2017-05-08 16:04:00',37,NULL),
	(2028,3,'成功','2017-05-08 16:04:00','2017-05-08 16:04:00',4,NULL),
	(2029,3,'成功','2017-05-08 16:05:00','2017-05-08 16:05:00',5,NULL),
	(2030,1,'成功','2017-05-08 16:05:00','2017-05-08 16:05:00',58,NULL),
	(2031,3,'成功','2017-05-08 16:06:00','2017-05-08 16:06:00',5,NULL),
	(2032,1,'成功','2017-05-08 16:06:00','2017-05-08 16:06:00',37,NULL),
	(2033,1,'成功','2017-05-08 16:07:00','2017-05-08 16:07:00',44,NULL),
	(2034,3,'成功','2017-05-08 16:07:00','2017-05-08 16:07:00',6,NULL),
	(2035,1,'成功','2017-05-08 16:08:00','2017-05-08 16:08:00',42,NULL),
	(2036,3,'成功','2017-05-08 16:08:00','2017-05-08 16:08:00',2,NULL),
	(2037,3,'成功','2017-05-08 16:09:00','2017-05-08 16:09:00',4,NULL),
	(2038,1,'成功','2017-05-08 16:09:00','2017-05-08 16:09:00',50,NULL),
	(2039,1,'成功','2017-05-08 16:10:00','2017-05-08 16:10:00',48,NULL),
	(2040,3,'成功','2017-05-08 16:10:00','2017-05-08 16:10:00',8,NULL),
	(2041,1,'成功','2017-05-08 16:11:00','2017-05-08 16:11:00',59,NULL),
	(2042,3,'成功','2017-05-08 16:11:00','2017-05-08 16:11:00',5,NULL),
	(2043,3,'成功','2017-05-08 16:12:00','2017-05-08 16:12:00',5,NULL),
	(2044,1,'成功','2017-05-08 16:12:00','2017-05-08 16:12:00',37,NULL),
	(2045,1,'成功','2017-05-08 16:13:00','2017-05-08 16:13:00',58,NULL),
	(2046,3,'成功','2017-05-08 16:13:00','2017-05-08 16:13:00',6,NULL),
	(2047,1,'成功','2017-05-08 16:14:00','2017-05-08 16:14:00',44,NULL),
	(2048,3,'成功','2017-05-08 16:14:00','2017-05-08 16:14:00',5,NULL),
	(2049,3,'成功','2017-05-08 16:15:00','2017-05-08 16:15:00',4,NULL),
	(2050,1,'成功','2017-05-08 16:15:00','2017-05-08 16:15:00',41,NULL),
	(2051,1,'成功','2017-05-08 16:18:55','2017-05-08 16:18:55',58,NULL),
	(2052,3,'成功','2017-05-08 16:18:55','2017-05-08 16:18:55',4,NULL),
	(2053,3,'成功','2017-05-08 16:19:00','2017-05-08 16:19:00',3,NULL),
	(2054,1,'成功','2017-05-08 16:19:00','2017-05-08 16:19:00',41,NULL),
	(2055,1,'成功','2017-05-08 16:20:00','2017-05-08 16:20:00',42,NULL),
	(2056,3,'成功','2017-05-08 16:20:00','2017-05-08 16:20:00',4,NULL),
	(2057,3,'成功','2017-05-08 16:21:00','2017-05-08 16:21:00',6,NULL),
	(2058,1,'成功','2017-05-08 16:21:00','2017-05-08 16:21:00',50,NULL),
	(2059,3,'成功','2017-05-08 16:22:00','2017-05-08 16:22:00',6,NULL),
	(2060,1,'成功','2017-05-08 16:22:00','2017-05-08 16:22:00',49,NULL),
	(2061,1,'成功','2017-05-08 16:23:00','2017-05-08 16:23:00',54,NULL),
	(2062,3,'成功','2017-05-08 16:23:00','2017-05-08 16:23:00',4,NULL),
	(2063,1,'成功','2017-05-08 16:24:00','2017-05-08 16:24:00',43,NULL),
	(2064,3,'成功','2017-05-08 16:24:00','2017-05-08 16:24:00',4,NULL),
	(2065,1,'成功','2017-05-08 16:25:00','2017-05-08 16:25:00',42,NULL),
	(2066,3,'成功','2017-05-08 16:25:00','2017-05-08 16:25:00',5,NULL),
	(2067,1,'成功','2017-05-08 16:26:00','2017-05-08 16:26:00',47,NULL),
	(2068,3,'成功','2017-05-08 16:26:00','2017-05-08 16:26:00',3,NULL),
	(2069,3,'成功','2017-05-08 16:27:00','2017-05-08 16:27:00',4,NULL),
	(2070,1,'成功','2017-05-08 16:27:00','2017-05-08 16:27:00',44,NULL),
	(2071,3,'成功','2017-05-08 16:28:00','2017-05-08 16:28:00',5,NULL),
	(2072,1,'成功','2017-05-08 16:28:00','2017-05-08 16:28:00',49,NULL),
	(2073,1,'成功','2017-05-08 16:29:00','2017-05-08 16:29:00',50,NULL),
	(2074,3,'成功','2017-05-08 16:29:00','2017-05-08 16:29:00',4,NULL),
	(2075,1,'成功','2017-05-08 16:30:00','2017-05-08 16:30:00',37,NULL),
	(2076,3,'成功','2017-05-08 16:30:00','2017-05-08 16:30:00',4,NULL),
	(2077,1,'成功','2017-05-08 16:31:00','2017-05-08 16:31:00',48,NULL),
	(2078,3,'成功','2017-05-08 16:31:00','2017-05-08 16:31:00',6,NULL),
	(2079,1,'成功','2017-05-08 16:32:00','2017-05-08 16:32:00',56,NULL),
	(2080,3,'成功','2017-05-08 16:32:00','2017-05-08 16:32:00',7,NULL),
	(2081,3,'成功','2017-05-08 16:33:00','2017-05-08 16:33:00',6,NULL),
	(2082,1,'成功','2017-05-08 16:33:00','2017-05-08 16:33:00',50,NULL),
	(2083,3,'成功','2017-05-08 16:34:00','2017-05-08 16:34:00',5,NULL),
	(2084,1,'成功','2017-05-08 16:34:00','2017-05-08 16:34:00',42,NULL),
	(2085,1,'成功','2017-05-08 16:51:42','2017-05-08 16:51:42',256,NULL),
	(2086,3,'成功','2017-05-08 16:51:42','2017-05-08 16:51:42',135,NULL),
	(2087,3,'成功','2017-05-08 16:52:00','2017-05-08 16:52:00',5,NULL),
	(2088,1,'成功','2017-05-08 16:52:00','2017-05-08 16:52:00',57,NULL),
	(2089,1,'成功','2017-05-08 16:53:00','2017-05-08 16:53:00',79,NULL),
	(2090,3,'成功','2017-05-08 16:53:00','2017-05-08 16:53:00',6,NULL),
	(2091,1,'成功','2017-05-08 16:54:00','2017-05-08 16:54:00',57,NULL),
	(2092,3,'成功','2017-05-08 16:54:00','2017-05-08 16:54:00',5,NULL),
	(2093,3,'成功','2017-05-08 16:55:00','2017-05-08 16:55:00',5,NULL),
	(2094,1,'成功','2017-05-08 16:55:00','2017-05-08 16:55:00',47,NULL),
	(2095,1,'成功','2017-05-08 16:56:00','2017-05-08 16:56:00',41,NULL),
	(2096,3,'成功','2017-05-08 16:56:00','2017-05-08 16:56:00',5,NULL),
	(2097,3,'成功','2017-05-08 16:57:00','2017-05-08 16:57:00',4,NULL),
	(2098,1,'成功','2017-05-08 16:57:00','2017-05-08 16:57:00',43,NULL),
	(2099,1,'成功','2017-05-08 16:58:00','2017-05-08 16:58:00',139,NULL),
	(2100,3,'成功','2017-05-08 16:58:00','2017-05-08 16:58:00',5,NULL),
	(2101,3,'成功','2017-05-08 16:59:00','2017-05-08 16:59:00',5,NULL),
	(2102,1,'成功','2017-05-08 16:59:00','2017-05-08 16:59:00',36,NULL),
	(2103,3,'成功','2017-05-08 17:00:00','2017-05-08 17:00:00',5,NULL),
	(2104,1,'成功','2017-05-08 17:00:00','2017-05-08 17:00:00',55,NULL),
	(2105,1,'成功','2017-05-08 17:01:00','2017-05-08 17:01:00',46,NULL),
	(2106,3,'成功','2017-05-08 17:01:00','2017-05-08 17:01:00',5,NULL),
	(2107,1,'成功','2017-05-08 17:02:00','2017-05-08 17:02:00',51,NULL),
	(2108,3,'成功','2017-05-08 17:02:00','2017-05-08 17:02:00',3,NULL),
	(2109,1,'成功','2017-05-08 17:03:00','2017-05-08 17:03:00',57,NULL),
	(2110,3,'成功','2017-05-08 17:03:00','2017-05-08 17:03:00',5,NULL),
	(2111,3,'成功','2017-05-08 17:04:00','2017-05-08 17:04:00',5,NULL),
	(2112,1,'成功','2017-05-08 17:04:00','2017-05-08 17:04:00',47,NULL),
	(2113,1,'成功','2017-05-08 17:05:00','2017-05-08 17:05:00',42,NULL),
	(2114,3,'成功','2017-05-08 17:05:00','2017-05-08 17:05:00',4,NULL),
	(2115,1,'成功','2017-05-08 17:06:00','2017-05-08 17:06:00',47,NULL),
	(2116,3,'成功','2017-05-08 17:06:00','2017-05-08 17:06:00',4,NULL),
	(2117,1,'成功','2017-05-08 17:07:00','2017-05-08 17:07:00',53,NULL),
	(2118,3,'成功','2017-05-08 17:07:00','2017-05-08 17:07:00',5,NULL),
	(2119,1,'成功','2017-05-08 17:08:00','2017-05-08 17:08:00',36,NULL),
	(2120,3,'成功','2017-05-08 17:08:00','2017-05-08 17:08:00',5,NULL),
	(2121,3,'成功','2017-05-08 17:09:00','2017-05-08 17:09:00',5,NULL),
	(2122,1,'成功','2017-05-08 17:09:00','2017-05-08 17:09:00',48,NULL),
	(2123,3,'成功','2017-05-08 17:10:00','2017-05-08 17:10:00',6,NULL),
	(2124,1,'成功','2017-05-08 17:10:00','2017-05-08 17:10:00',49,NULL),
	(2125,3,'成功','2017-05-08 17:11:00','2017-05-08 17:11:00',6,NULL),
	(2126,1,'成功','2017-05-08 17:11:00','2017-05-08 17:11:00',42,NULL),
	(2127,1,'成功','2017-05-08 17:12:00','2017-05-08 17:12:00',57,NULL),
	(2128,3,'成功','2017-05-08 17:12:00','2017-05-08 17:12:00',4,NULL),
	(2129,1,'成功','2017-05-08 17:13:00','2017-05-08 17:13:00',50,NULL),
	(2130,3,'成功','2017-05-08 17:13:00','2017-05-08 17:13:00',5,NULL),
	(2131,1,'成功','2017-05-08 17:14:00','2017-05-08 17:14:00',48,NULL),
	(2132,3,'成功','2017-05-08 17:14:00','2017-05-08 17:14:00',4,NULL),
	(2133,3,'成功','2017-05-08 17:15:00','2017-05-08 17:15:00',5,NULL),
	(2134,1,'成功','2017-05-08 17:15:00','2017-05-08 17:15:00',41,NULL),
	(2135,3,'成功','2017-05-08 17:16:00','2017-05-08 17:16:00',4,NULL),
	(2136,1,'成功','2017-05-08 17:16:00','2017-05-08 17:16:00',248,NULL),
	(2137,3,'成功','2017-05-08 17:17:00','2017-05-08 17:17:00',5,NULL),
	(2138,1,'成功','2017-05-08 17:17:00','2017-05-08 17:17:00',38,NULL),
	(2139,3,'成功','2017-05-08 17:18:00','2017-05-08 17:18:00',5,NULL),
	(2140,1,'成功','2017-05-08 17:18:00','2017-05-08 17:18:00',44,NULL),
	(2141,3,'成功','2017-05-08 17:19:00','2017-05-08 17:19:00',5,NULL),
	(2142,1,'成功','2017-05-08 17:19:00','2017-05-08 17:19:00',45,NULL),
	(2143,1,'成功','2017-05-08 17:20:00','2017-05-08 17:20:00',47,NULL),
	(2144,3,'成功','2017-05-08 17:20:00','2017-05-08 17:20:00',5,NULL),
	(2145,3,'成功','2017-05-08 17:21:00','2017-05-08 17:21:00',5,NULL),
	(2146,1,'成功','2017-05-08 17:21:00','2017-05-08 17:21:00',44,NULL),
	(2147,1,'成功','2017-05-08 17:22:00','2017-05-08 17:22:00',66,NULL),
	(2148,3,'成功','2017-05-08 17:22:00','2017-05-08 17:22:00',5,NULL),
	(2149,1,'成功','2017-05-08 17:23:00','2017-05-08 17:23:00',53,NULL),
	(2150,3,'成功','2017-05-08 17:23:00','2017-05-08 17:23:00',4,NULL),
	(2151,3,'成功','2017-05-08 17:24:00','2017-05-08 17:24:00',4,NULL),
	(2152,1,'成功','2017-05-08 17:24:00','2017-05-08 17:24:00',64,NULL),
	(2153,3,'成功','2017-05-08 17:25:00','2017-05-08 17:25:00',5,NULL),
	(2154,1,'成功','2017-05-08 17:25:00','2017-05-08 17:25:00',44,NULL),
	(2155,3,'成功','2017-05-08 17:26:00','2017-05-08 17:26:00',5,NULL),
	(2156,1,'成功','2017-05-08 17:26:00','2017-05-08 17:26:00',40,NULL),
	(2157,3,'成功','2017-05-08 17:27:00','2017-05-08 17:27:00',6,NULL),
	(2158,1,'成功','2017-05-08 17:27:00','2017-05-08 17:27:00',47,NULL),
	(2159,1,'成功','2017-05-08 17:28:00','2017-05-08 17:28:00',64,NULL),
	(2160,3,'成功','2017-05-08 17:28:00','2017-05-08 17:28:00',4,NULL),
	(2161,3,'成功','2017-05-08 17:29:00','2017-05-08 17:29:00',5,NULL),
	(2162,1,'成功','2017-05-08 17:29:00','2017-05-08 17:29:00',47,NULL),
	(2163,3,'成功','2017-05-08 17:30:00','2017-05-08 17:30:00',5,NULL),
	(2164,1,'成功','2017-05-08 17:30:00','2017-05-08 17:30:00',41,NULL),
	(2165,3,'成功','2017-05-08 17:31:00','2017-05-08 17:31:00',4,NULL),
	(2166,1,'成功','2017-05-08 17:31:00','2017-05-08 17:31:00',51,NULL),
	(2167,3,'成功','2017-05-08 17:32:00','2017-05-08 17:32:00',6,NULL),
	(2168,1,'成功','2017-05-08 17:32:00','2017-05-08 17:32:00',51,NULL),
	(2169,3,'成功','2017-05-08 17:33:00','2017-05-08 17:33:00',5,NULL),
	(2170,1,'成功','2017-05-08 17:33:00','2017-05-08 17:33:00',45,NULL),
	(2171,3,'成功','2017-05-08 17:34:00','2017-05-08 17:34:00',5,NULL),
	(2172,1,'成功','2017-05-08 17:34:00','2017-05-08 17:34:00',43,NULL),
	(2173,1,'成功','2017-05-08 17:35:00','2017-05-08 17:35:00',56,NULL),
	(2174,3,'成功','2017-05-08 17:35:00','2017-05-08 17:35:00',3,NULL),
	(2175,3,'成功','2017-05-08 17:36:00','2017-05-08 17:36:00',5,NULL),
	(2176,1,'成功','2017-05-08 17:36:00','2017-05-08 17:36:00',42,NULL),
	(2177,3,'成功','2017-05-08 17:37:00','2017-05-08 17:37:00',4,NULL),
	(2178,1,'成功','2017-05-08 17:37:00','2017-05-08 17:37:00',44,NULL),
	(2179,1,'成功','2017-05-08 17:38:00','2017-05-08 17:38:00',48,NULL),
	(2180,3,'成功','2017-05-08 17:38:00','2017-05-08 17:38:00',3,NULL),
	(2181,3,'成功','2017-05-08 17:39:00','2017-05-08 17:39:00',6,NULL),
	(2182,1,'成功','2017-05-08 17:39:00','2017-05-08 17:39:00',45,NULL),
	(2183,1,'成功','2017-05-08 17:40:00','2017-05-08 17:40:00',51,NULL),
	(2184,3,'成功','2017-05-08 17:40:00','2017-05-08 17:40:00',5,NULL),
	(2185,3,'成功','2017-05-08 17:41:00','2017-05-08 17:41:00',4,NULL),
	(2186,1,'成功','2017-05-08 17:41:00','2017-05-08 17:41:00',51,NULL),
	(2187,1,'成功','2017-05-08 17:42:00','2017-05-08 17:42:00',50,NULL),
	(2188,3,'成功','2017-05-08 17:42:00','2017-05-08 17:42:00',5,NULL),
	(2189,3,'成功','2017-05-08 17:43:00','2017-05-08 17:43:00',5,NULL),
	(2190,1,'成功','2017-05-08 17:43:00','2017-05-08 17:43:00',46,NULL),
	(2191,3,'成功','2017-05-08 17:44:00','2017-05-08 17:44:00',4,NULL),
	(2192,1,'成功','2017-05-08 17:44:00','2017-05-08 17:44:00',46,NULL),
	(2193,3,'成功','2017-05-08 17:45:00','2017-05-08 17:45:00',5,NULL),
	(2194,1,'成功','2017-05-08 17:45:00','2017-05-08 17:45:00',40,NULL),
	(2195,1,'成功','2017-05-08 17:46:00','2017-05-08 17:46:00',43,NULL),
	(2196,3,'成功','2017-05-08 17:46:00','2017-05-08 17:46:00',4,NULL),
	(2197,1,'成功','2017-05-08 21:47:30','2017-05-08 21:47:30',350,NULL),
	(2198,3,'成功','2017-05-08 21:47:30','2017-05-08 21:47:30',239,NULL),
	(2199,1,'成功','2017-05-08 21:48:00','2017-05-08 21:48:00',147,NULL),
	(2200,3,'成功','2017-05-08 21:48:00','2017-05-08 21:48:00',4,NULL),
	(2201,1,'成功','2017-05-08 21:49:00','2017-05-08 21:49:00',64,NULL),
	(2202,3,'成功','2017-05-08 21:49:00','2017-05-08 21:49:00',3,NULL),
	(2203,1,'成功','2017-05-08 21:50:00','2017-05-08 21:50:00',90,NULL),
	(2204,3,'成功','2017-05-08 21:50:00','2017-05-08 21:50:00',4,NULL),
	(2205,1,'成功','2017-05-08 21:51:00','2017-05-08 21:51:00',63,NULL),
	(2206,3,'成功','2017-05-08 21:51:00','2017-05-08 21:51:00',4,NULL),
	(2207,1,'成功','2017-05-08 21:52:00','2017-05-08 21:52:00',63,NULL),
	(2208,3,'成功','2017-05-08 21:52:00','2017-05-08 21:52:00',4,NULL),
	(2209,1,'成功','2017-05-08 21:53:00','2017-05-08 21:53:00',63,NULL),
	(2210,3,'成功','2017-05-08 21:53:00','2017-05-08 21:53:00',5,NULL),
	(2211,3,'成功','2017-05-08 21:54:00','2017-05-08 21:54:00',5,NULL),
	(2212,1,'成功','2017-05-08 21:54:00','2017-05-08 21:54:00',70,NULL),
	(2213,3,'成功','2017-05-08 21:55:00','2017-05-08 21:55:00',4,NULL),
	(2214,1,'成功','2017-05-08 21:55:00','2017-05-08 21:55:00',64,NULL),
	(2215,3,'成功','2017-05-08 21:56:00','2017-05-08 21:56:00',5,NULL),
	(2216,1,'成功','2017-05-08 21:56:00','2017-05-08 21:56:00',64,NULL),
	(2217,1,'成功','2017-05-08 21:57:00','2017-05-08 21:57:00',69,NULL),
	(2218,3,'成功','2017-05-08 21:57:00','2017-05-08 21:57:00',5,NULL),
	(2219,3,'成功','2017-05-08 21:58:00','2017-05-08 21:58:00',4,NULL),
	(2220,1,'成功','2017-05-08 21:58:00','2017-05-08 21:58:00',60,NULL),
	(2221,1,'成功','2017-05-08 21:59:00','2017-05-08 21:59:00',98,NULL),
	(2222,3,'成功','2017-05-08 21:59:00','2017-05-08 21:59:00',4,NULL),
	(2223,1,'成功','2017-05-08 22:00:00','2017-05-08 22:00:00',62,NULL),
	(2224,3,'成功','2017-05-08 22:00:00','2017-05-08 22:00:00',5,NULL),
	(2225,1,'成功','2017-05-08 22:01:00','2017-05-08 22:01:00',63,NULL),
	(2226,3,'成功','2017-05-08 22:01:00','2017-05-08 22:01:00',5,NULL),
	(2227,1,'成功','2017-05-08 22:02:00','2017-05-08 22:02:00',61,NULL),
	(2228,3,'成功','2017-05-08 22:02:00','2017-05-08 22:02:00',5,NULL),
	(2229,1,'成功','2017-05-08 22:03:00','2017-05-08 22:03:00',54,NULL),
	(2230,3,'成功','2017-05-08 22:03:00','2017-05-08 22:03:00',3,NULL),
	(2231,1,'成功','2017-05-08 22:04:00','2017-05-08 22:04:00',75,NULL),
	(2232,3,'成功','2017-05-08 22:04:00','2017-05-08 22:04:00',4,NULL),
	(2233,1,'成功','2017-05-08 22:05:00','2017-05-08 22:05:00',65,NULL),
	(2234,3,'成功','2017-05-08 22:05:00','2017-05-08 22:05:00',4,NULL),
	(2235,3,'成功','2017-05-08 22:06:00','2017-05-08 22:06:00',5,NULL),
	(2236,1,'成功','2017-05-08 22:06:00','2017-05-08 22:06:00',67,NULL),
	(2237,3,'成功','2017-05-08 22:07:00','2017-05-08 22:07:00',5,NULL),
	(2238,1,'成功','2017-05-08 22:07:00','2017-05-08 22:07:00',63,NULL),
	(2239,3,'成功','2017-05-08 22:08:00','2017-05-08 22:08:00',5,NULL),
	(2240,1,'成功','2017-05-08 22:08:00','2017-05-08 22:08:00',65,NULL),
	(2241,1,'成功','2017-05-08 22:09:00','2017-05-08 22:09:00',76,NULL),
	(2242,3,'成功','2017-05-08 22:09:00','2017-05-08 22:09:00',4,NULL),
	(2243,1,'成功','2017-05-08 22:10:00','2017-05-08 22:10:00',64,NULL),
	(2244,3,'成功','2017-05-08 22:10:00','2017-05-08 22:10:00',7,NULL),
	(2245,3,'成功','2017-05-08 22:11:00','2017-05-08 22:11:00',5,NULL),
	(2246,1,'成功','2017-05-08 22:11:00','2017-05-08 22:11:03',3075,NULL),
	(2247,3,'成功','2017-05-08 22:12:00','2017-05-08 22:12:00',6,NULL),
	(2248,1,'成功','2017-05-08 22:12:00','2017-05-08 22:12:00',63,NULL),
	(2249,3,'成功','2017-05-08 22:13:00','2017-05-08 22:13:00',5,NULL),
	(2250,1,'成功','2017-05-08 22:13:00','2017-05-08 22:13:00',69,NULL),
	(2251,1,'成功','2017-05-08 22:14:00','2017-05-08 22:14:00',65,NULL),
	(2252,3,'成功','2017-05-08 22:14:00','2017-05-08 22:14:00',5,NULL),
	(2253,1,'成功','2017-05-08 22:15:00','2017-05-08 22:15:00',72,NULL),
	(2254,3,'成功','2017-05-08 22:15:00','2017-05-08 22:15:00',5,NULL),
	(2255,3,'成功','2017-05-08 22:16:00','2017-05-08 22:16:00',4,NULL),
	(2256,1,'成功','2017-05-08 22:16:00','2017-05-08 22:16:00',64,NULL),
	(2257,1,'成功','2017-05-08 22:17:00','2017-05-08 22:17:00',69,NULL),
	(2258,3,'成功','2017-05-08 22:17:00','2017-05-08 22:17:00',4,NULL),
	(2259,3,'成功','2017-05-08 22:18:00','2017-05-08 22:18:00',5,NULL),
	(2260,1,'成功','2017-05-08 22:18:00','2017-05-08 22:18:00',65,NULL),
	(2261,1,'成功','2017-05-08 22:19:00','2017-05-08 22:19:00',64,NULL),
	(2262,3,'成功','2017-05-08 22:19:00','2017-05-08 22:19:00',4,NULL),
	(2263,3,'成功','2017-05-08 22:20:00','2017-05-08 22:20:00',5,NULL),
	(2264,1,'成功','2017-05-08 22:20:00','2017-05-08 22:20:00',66,NULL),
	(2265,3,'成功','2017-05-08 22:21:00','2017-05-08 22:21:00',3,NULL),
	(2266,1,'成功','2017-05-08 22:21:00','2017-05-08 22:21:00',85,NULL),
	(2267,3,'成功','2017-05-08 22:22:00','2017-05-08 22:22:00',5,NULL),
	(2268,1,'成功','2017-05-08 22:22:00','2017-05-08 22:22:00',69,NULL),
	(2269,1,'成功','2017-05-08 22:23:00','2017-05-08 22:23:00',65,NULL),
	(2270,3,'成功','2017-05-08 22:23:00','2017-05-08 22:23:00',6,NULL),
	(2271,1,'成功','2017-05-08 22:24:00','2017-05-08 22:24:00',58,NULL),
	(2272,3,'成功','2017-05-08 22:24:00','2017-05-08 22:24:00',3,NULL),
	(2273,1,'成功','2017-05-08 22:25:00','2017-05-08 22:25:00',61,NULL),
	(2274,3,'成功','2017-05-08 22:25:00','2017-05-08 22:25:00',5,NULL),
	(2275,1,'成功','2017-05-08 22:26:00','2017-05-08 22:26:00',63,NULL),
	(2276,3,'成功','2017-05-08 22:26:00','2017-05-08 22:26:00',4,NULL),
	(2277,1,'成功','2017-05-08 22:27:00','2017-05-08 22:27:00',65,NULL),
	(2278,3,'成功','2017-05-08 22:27:00','2017-05-08 22:27:00',4,NULL),
	(2279,3,'成功','2017-05-08 22:28:00','2017-05-08 22:28:00',5,NULL),
	(2280,1,'成功','2017-05-08 22:28:00','2017-05-08 22:28:00',65,NULL),
	(2281,3,'成功','2017-05-08 22:29:00','2017-05-08 22:29:00',5,NULL),
	(2282,1,'成功','2017-05-08 22:29:00','2017-05-08 22:29:00',70,NULL),
	(2283,1,'成功','2017-05-08 22:30:00','2017-05-08 22:30:00',69,NULL),
	(2284,3,'成功','2017-05-08 22:30:00','2017-05-08 22:30:00',5,NULL),
	(2285,3,'成功','2017-05-08 22:31:00','2017-05-08 22:31:00',4,NULL),
	(2286,1,'成功','2017-05-08 22:31:00','2017-05-08 22:31:00',82,NULL),
	(2287,3,'成功','2017-05-08 22:32:00','2017-05-08 22:32:00',6,NULL),
	(2288,1,'成功','2017-05-08 22:32:00','2017-05-08 22:32:00',68,NULL),
	(2289,3,'成功','2017-05-08 22:33:00','2017-05-08 22:33:00',4,NULL),
	(2290,1,'成功','2017-05-08 22:33:00','2017-05-08 22:33:00',64,NULL),
	(2291,3,'成功','2017-05-11 21:01:00','2017-05-11 21:01:00',5,NULL),
	(2292,1,'成功','2017-05-11 21:01:00','2017-05-11 21:01:00',338,NULL),
	(2293,1,'成功','2017-05-11 21:02:00','2017-05-11 21:02:00',62,NULL),
	(2294,3,'成功','2017-05-11 21:02:00','2017-05-11 21:02:00',4,NULL),
	(2295,1,'成功','2017-05-11 21:03:00','2017-05-11 21:03:00',61,NULL),
	(2296,3,'成功','2017-05-11 21:03:00','2017-05-11 21:03:00',3,NULL),
	(2297,1,'成功','2017-05-11 21:04:00','2017-05-11 21:04:00',67,NULL),
	(2298,3,'成功','2017-05-11 21:04:00','2017-05-11 21:04:00',4,NULL),
	(2299,3,'成功','2017-05-11 21:05:00','2017-05-11 21:05:00',4,NULL),
	(2300,1,'成功','2017-05-11 21:05:00','2017-05-11 21:05:00',73,NULL),
	(2301,1,'成功','2017-05-11 21:06:00','2017-05-11 21:06:00',65,NULL),
	(2302,3,'成功','2017-05-11 21:06:00','2017-05-11 21:06:00',4,NULL),
	(2303,3,'成功','2017-05-12 20:32:00','2017-05-12 20:32:00',4,NULL),
	(2304,1,'成功','2017-05-12 20:32:00','2017-05-12 20:32:01',517,NULL),
	(2305,3,'成功','2017-05-12 20:33:00','2017-05-12 20:33:00',6,NULL),
	(2306,1,'成功','2017-05-12 20:33:00','2017-05-12 20:33:00',46,NULL),
	(2307,3,'成功','2017-05-12 20:34:00','2017-05-12 20:34:00',5,NULL),
	(2308,1,'成功','2017-05-12 20:34:00','2017-05-12 20:34:00',35,NULL),
	(2309,1,'成功','2017-05-12 20:35:00','2017-05-12 20:35:00',57,NULL),
	(2310,3,'成功','2017-05-12 20:35:00','2017-05-12 20:35:00',6,NULL),
	(2311,1,'成功','2017-05-12 20:36:00','2017-05-12 20:36:00',50,NULL),
	(2312,3,'成功','2017-05-12 20:36:00','2017-05-12 20:36:00',6,NULL),
	(2313,1,'成功','2017-05-12 20:37:00','2017-05-12 20:37:00',44,NULL),
	(2314,3,'成功','2017-05-12 20:37:00','2017-05-12 20:37:00',6,NULL),
	(2315,3,'成功','2017-05-12 20:38:00','2017-05-12 20:38:00',4,NULL),
	(2316,1,'成功','2017-05-12 20:38:00','2017-05-12 20:38:00',36,NULL),
	(2317,3,'成功','2017-05-12 20:39:00','2017-05-12 20:39:00',4,NULL),
	(2318,1,'成功','2017-05-12 20:39:00','2017-05-12 20:39:00',46,NULL),
	(2319,3,'成功','2017-05-12 20:40:00','2017-05-12 20:40:00',5,NULL),
	(2320,1,'成功','2017-05-12 20:40:00','2017-05-12 20:40:00',39,NULL),
	(2321,1,'成功','2017-05-12 20:41:00','2017-05-12 20:41:00',41,NULL),
	(2322,3,'成功','2017-05-12 20:41:00','2017-05-12 20:41:00',7,NULL),
	(2323,3,'成功','2017-05-12 20:42:00','2017-05-12 20:42:00',6,NULL),
	(2324,1,'成功','2017-05-12 20:42:00','2017-05-12 20:42:00',46,NULL),
	(2325,3,'成功','2017-05-12 20:43:00','2017-05-12 20:43:00',6,NULL),
	(2326,1,'成功','2017-05-12 20:43:00','2017-05-12 20:43:00',59,NULL),
	(2327,1,'成功','2017-05-12 20:44:00','2017-05-12 20:44:00',40,NULL),
	(2328,3,'成功','2017-05-12 20:44:00','2017-05-12 20:44:00',3,NULL),
	(2329,1,'成功','2017-05-12 20:45:00','2017-05-12 20:45:00',42,NULL),
	(2330,3,'成功','2017-05-12 20:45:00','2017-05-12 20:45:00',3,NULL),
	(2331,1,'成功','2017-05-12 20:46:00','2017-05-12 20:46:00',45,NULL),
	(2332,3,'成功','2017-05-12 20:46:00','2017-05-12 20:46:00',5,NULL),
	(2333,3,'成功','2017-05-12 20:47:00','2017-05-12 20:47:00',5,NULL),
	(2334,1,'成功','2017-05-12 20:47:00','2017-05-12 20:47:00',39,NULL),
	(2335,1,'成功','2017-05-12 20:48:00','2017-05-12 20:48:00',38,NULL),
	(2336,3,'成功','2017-05-12 20:48:00','2017-05-12 20:48:00',5,NULL),
	(2337,1,'成功','2017-05-12 20:49:00','2017-05-12 20:49:00',49,NULL),
	(2338,3,'成功','2017-05-12 20:49:00','2017-05-12 20:49:00',7,NULL),
	(2339,1,'成功','2017-05-12 20:50:00','2017-05-12 20:50:00',56,NULL),
	(2340,3,'成功','2017-05-12 20:50:00','2017-05-12 20:50:00',5,NULL),
	(2341,3,'成功','2017-05-12 20:51:00','2017-05-12 20:51:00',6,NULL),
	(2342,1,'成功','2017-05-12 20:51:00','2017-05-12 20:51:00',60,NULL),
	(2343,1,'成功','2017-05-12 20:52:00','2017-05-12 20:52:00',41,NULL),
	(2344,3,'成功','2017-05-12 20:52:00','2017-05-12 20:52:00',4,NULL),
	(2345,1,'成功','2017-05-12 20:53:00','2017-05-12 20:53:00',51,NULL),
	(2346,3,'成功','2017-05-12 20:53:00','2017-05-12 20:53:00',3,NULL),
	(2347,1,'成功','2017-05-12 20:54:00','2017-05-12 20:54:00',45,NULL),
	(2348,3,'成功','2017-05-12 20:54:00','2017-05-12 20:54:00',6,NULL),
	(2349,3,'成功','2017-05-12 20:55:00','2017-05-12 20:55:00',4,NULL),
	(2350,1,'成功','2017-05-12 20:55:00','2017-05-12 20:55:00',44,NULL),
	(2351,3,'成功','2017-05-12 20:56:00','2017-05-12 20:56:00',4,NULL),
	(2352,1,'成功','2017-05-12 20:56:00','2017-05-12 20:56:00',48,NULL),
	(2353,1,'成功','2017-05-12 20:57:00','2017-05-12 20:57:00',40,NULL),
	(2354,3,'成功','2017-05-12 20:57:00','2017-05-12 20:57:00',4,NULL),
	(2355,1,'成功','2017-05-12 20:58:00','2017-05-12 20:58:00',48,NULL),
	(2356,3,'成功','2017-05-12 20:58:00','2017-05-12 20:58:00',5,NULL),
	(2357,3,'成功','2017-05-12 20:59:00','2017-05-12 20:59:00',4,NULL),
	(2358,1,'成功','2017-05-12 20:59:00','2017-05-12 20:59:00',45,NULL),
	(2359,1,'成功','2017-05-12 21:00:00','2017-05-12 21:00:00',47,NULL),
	(2360,3,'成功','2017-05-12 21:00:00','2017-05-12 21:00:00',5,NULL),
	(2361,1,'成功','2017-05-12 21:01:00','2017-05-12 21:01:00',53,NULL),
	(2362,3,'成功','2017-05-12 21:01:00','2017-05-12 21:01:00',4,NULL),
	(2363,1,'成功','2017-05-12 21:02:00','2017-05-12 21:02:00',42,NULL),
	(2364,3,'成功','2017-05-12 21:02:00','2017-05-12 21:02:00',4,NULL),
	(2365,3,'成功','2017-05-12 21:03:01','2017-05-12 21:03:01',3,NULL),
	(2366,1,'成功','2017-05-12 21:03:01','2017-05-12 21:03:01',51,NULL),
	(2367,3,'成功','2017-05-12 21:04:00','2017-05-12 21:04:00',7,NULL),
	(2368,1,'成功','2017-05-12 21:04:00','2017-05-12 21:04:00',43,NULL),
	(2369,3,'成功','2017-05-12 21:05:00','2017-05-12 21:05:00',6,NULL),
	(2370,1,'成功','2017-05-12 21:05:00','2017-05-12 21:05:00',48,NULL),
	(2371,3,'成功','2017-05-12 21:06:00','2017-05-12 21:06:00',4,NULL),
	(2372,1,'成功','2017-05-12 21:06:00','2017-05-12 21:06:00',37,NULL),
	(2373,3,'成功','2017-05-12 21:07:00','2017-05-12 21:07:00',6,NULL),
	(2374,1,'成功','2017-05-12 21:07:00','2017-05-12 21:07:00',42,NULL),
	(2375,3,'成功','2017-05-12 21:08:00','2017-05-12 21:08:00',29,NULL),
	(2376,1,'成功','2017-05-12 21:08:00','2017-05-12 21:08:00',66,NULL),
	(2377,3,'成功','2017-05-12 21:09:00','2017-05-12 21:09:00',5,NULL),
	(2378,1,'成功','2017-05-12 21:09:00','2017-05-12 21:09:00',66,NULL),
	(2379,1,'成功','2017-05-12 21:10:00','2017-05-12 21:10:00',41,NULL),
	(2380,3,'成功','2017-05-12 21:10:00','2017-05-12 21:10:00',4,NULL),
	(2381,1,'成功','2017-05-12 21:11:00','2017-05-12 21:11:00',38,NULL),
	(2382,3,'成功','2017-05-12 21:11:00','2017-05-12 21:11:00',3,NULL),
	(2383,3,'成功','2017-05-12 21:12:00','2017-05-12 21:12:00',4,NULL),
	(2384,1,'成功','2017-05-12 21:12:00','2017-05-12 21:12:00',46,NULL),
	(2385,1,'成功','2017-05-12 21:13:00','2017-05-12 21:13:00',40,NULL),
	(2386,3,'成功','2017-05-12 21:13:00','2017-05-12 21:13:00',3,NULL),
	(2387,3,'成功','2017-05-12 21:14:00','2017-05-12 21:14:00',4,NULL),
	(2388,1,'成功','2017-05-12 21:14:00','2017-05-12 21:14:00',46,NULL),
	(2389,3,'成功','2017-05-12 21:15:00','2017-05-12 21:15:00',4,NULL),
	(2390,1,'成功','2017-05-12 21:15:00','2017-05-12 21:15:00',54,NULL),
	(2391,1,'成功','2017-05-12 21:16:00','2017-05-12 21:16:00',42,NULL),
	(2392,3,'成功','2017-05-12 21:16:00','2017-05-12 21:16:00',4,NULL),
	(2393,3,'成功','2017-05-12 21:17:00','2017-05-12 21:17:00',6,NULL),
	(2394,1,'成功','2017-05-12 21:17:00','2017-05-12 21:17:00',46,NULL),
	(2395,1,'成功','2017-05-12 21:18:00','2017-05-12 21:18:00',41,NULL),
	(2396,3,'成功','2017-05-12 21:18:00','2017-05-12 21:18:00',5,NULL),
	(2397,1,'成功','2017-05-12 21:19:00','2017-05-12 21:19:00',44,NULL),
	(2398,3,'成功','2017-05-12 21:19:00','2017-05-12 21:19:00',6,NULL),
	(2399,3,'成功','2017-05-12 21:20:00','2017-05-12 21:20:00',5,NULL),
	(2400,1,'成功','2017-05-12 21:20:00','2017-05-12 21:20:00',43,NULL),
	(2401,1,'成功','2017-05-12 21:21:00','2017-05-12 21:21:00',43,NULL),
	(2402,3,'成功','2017-05-12 21:21:00','2017-05-12 21:21:00',4,NULL),
	(2403,1,'成功','2017-05-12 21:22:00','2017-05-12 21:22:00',42,NULL),
	(2404,3,'成功','2017-05-12 21:22:00','2017-05-12 21:22:00',5,NULL),
	(2405,1,'成功','2017-05-12 21:23:00','2017-05-12 21:23:00',48,NULL),
	(2406,3,'成功','2017-05-12 21:23:00','2017-05-12 21:23:00',4,NULL),
	(2407,1,'成功','2017-05-12 21:24:00','2017-05-12 21:24:00',49,NULL),
	(2408,3,'成功','2017-05-12 21:24:00','2017-05-12 21:24:00',4,NULL),
	(2409,3,'成功','2017-05-12 21:25:00','2017-05-12 21:25:00',5,NULL),
	(2410,1,'成功','2017-05-12 21:25:00','2017-05-12 21:25:00',45,NULL),
	(2411,3,'成功','2017-05-12 21:26:00','2017-05-12 21:26:00',5,NULL),
	(2412,1,'成功','2017-05-12 21:26:00','2017-05-12 21:26:00',44,NULL),
	(2413,1,'成功','2017-05-12 21:27:00','2017-05-12 21:27:00',42,NULL),
	(2414,3,'成功','2017-05-12 21:27:00','2017-05-12 21:27:00',3,NULL),
	(2415,1,'成功','2017-05-12 21:28:00','2017-05-12 21:28:00',43,NULL),
	(2416,3,'成功','2017-05-12 21:28:00','2017-05-12 21:28:00',4,NULL),
	(2417,3,'成功','2017-05-12 21:35:23','2017-05-12 21:35:23',5,NULL),
	(2418,1,'成功','2017-05-12 21:35:23','2017-05-12 21:35:23',17,NULL),
	(2419,1,'成功','2017-05-12 21:36:00','2017-05-12 21:36:00',15,NULL),
	(2420,3,'成功','2017-05-12 21:36:00','2017-05-12 21:36:00',5,NULL),
	(2421,3,'成功','2017-05-12 21:37:00','2017-05-12 21:37:00',5,NULL),
	(2422,1,'成功','2017-05-12 21:37:00','2017-05-12 21:37:00',17,NULL),
	(2423,1,'成功','2017-05-12 21:38:00','2017-05-12 21:38:00',15,NULL),
	(2424,3,'成功','2017-05-12 21:38:00','2017-05-12 21:38:00',3,NULL),
	(2425,3,'成功','2017-05-12 21:39:00','2017-05-12 21:39:00',9,NULL),
	(2426,1,'成功','2017-05-12 21:39:00','2017-05-12 21:39:00',19,NULL),
	(2427,3,'成功','2017-05-12 21:40:00','2017-05-12 21:40:00',4,NULL),
	(2428,1,'成功','2017-05-12 21:40:00','2017-05-12 21:40:00',15,NULL),
	(2429,1,'成功','2017-05-12 21:41:00','2017-05-12 21:41:00',14,NULL),
	(2430,3,'成功','2017-05-12 21:41:00','2017-05-12 21:41:00',4,NULL),
	(2431,1,'成功','2017-05-12 21:42:00','2017-05-12 21:42:00',16,NULL),
	(2432,3,'成功','2017-05-12 21:42:00','2017-05-12 21:42:00',4,NULL),
	(2433,1,'成功','2017-05-12 21:43:00','2017-05-12 21:43:00',16,NULL),
	(2434,3,'成功','2017-05-12 21:43:00','2017-05-12 21:43:00',4,NULL),
	(2435,1,'成功','2017-05-15 20:09:00','2017-05-15 20:09:00',228,NULL),
	(2436,3,'成功','2017-05-15 20:09:00','2017-05-15 20:09:00',8,NULL);

/*!40000 ALTER TABLE `task_log` ENABLE KEYS */;
UNLOCK TABLES;


# Dump of table tb_proc_log
# ------------------------------------------------------------

DROP TABLE IF EXISTS `tb_proc_log`;

CREATE TABLE `tb_proc_log` (
  `id` int(11) NOT NULL AUTO_INCREMENT COMMENT 'id',
  `proc_name` varchar(50) DEFAULT NULL COMMENT '过程名称',
  `statu` varchar(20) DEFAULT NULL COMMENT '状态',
  `start_time` datetime DEFAULT CURRENT_TIMESTAMP COMMENT '开始时间',
  `end_time` datetime DEFAULT NULL COMMENT '结束时间',
  `cost_time` int(11) DEFAULT NULL COMMENT '耗时',
  `error_code` varchar(50) DEFAULT NULL COMMENT 'error_code',
  `error_msg` varchar(200) DEFAULT NULL COMMENT 'error_msg',
  `step` int(11) DEFAULT NULL COMMENT 'step',
  PRIMARY KEY (`id`)
) ENGINE=InnoDB DEFAULT CHARSET=utf8 COMMENT='存储过程运行日志';



# Dump of table zcurd_field
# ------------------------------------------------------------

DROP TABLE IF EXISTS `zcurd_field`;

CREATE TABLE `zcurd_field` (
  `id` int(11) unsigned NOT NULL AUTO_INCREMENT,
  `head_id` int(11) DEFAULT NULL COMMENT '所属表',
  `field_name` varchar(100) DEFAULT NULL COMMENT '字段名称',
  `column_name` varchar(100) DEFAULT NULL COMMENT '列表列名',
  `column_length` int(11) DEFAULT '120' COMMENT '列宽',
  `data_type` varchar(50) DEFAULT NULL COMMENT '数据类型',
  `input_type` varchar(50) DEFAULT 'easyui-textbox' COMMENT '控件类型',
  `is_show_list` int(11) DEFAULT '1' COMMENT '是否列表显示',
  `is_allow_detail` int(11) DEFAULT '1' COMMENT '是否详情显示',
  `is_allow_add` int(11) DEFAULT '1' COMMENT '是否允许增加',
  `is_allow_update` int(11) DEFAULT '1' COMMENT '是否允许编辑',
  `is_search` int(11) DEFAULT '0' COMMENT '是否搜索',
  `is_allow_null` int(11) DEFAULT '1' COMMENT '是否允许为空',
  `dict_sql` varchar(1000) DEFAULT NULL COMMENT '字典sql',
  `order_num` int(11) DEFAULT '0' COMMENT '顺序',
  `search_type` int(11) DEFAULT '1' COMMENT '搜索类型(1:值,2:范围)',
  `is_sum` int(11) DEFAULT '0' COMMENT '是否汇总',
  `default_value` varchar(100) DEFAULT NULL COMMENT '默认值',
  `create_time` timestamp NULL DEFAULT CURRENT_TIMESTAMP COMMENT '创建时间',
  PRIMARY KEY (`id`)
) ENGINE=MyISAM DEFAULT CHARSET=utf8 COMMENT='在线表单字段';

LOCK TABLES `zcurd_field` WRITE;
/*!40000 ALTER TABLE `zcurd_field` DISABLE KEYS */;

INSERT INTO `zcurd_field` (`id`, `head_id`, `field_name`, `column_name`, `column_length`, `data_type`, `input_type`, `is_show_list`, `is_allow_detail`, `is_allow_add`, `is_allow_update`, `is_search`, `is_allow_null`, `dict_sql`, `order_num`, `search_type`, `is_sum`, `default_value`, `create_time`)
VALUES
	(2,1,'func_content','方法内容',120,'text','textarea',0,1,1,1,0,0,'',6,1,0,NULL,'2016-01-11 21:58:48'),
	(1,1,'create_time','创建时间',130,'timestamp','easyui-textbox',1,1,0,0,0,1,'',7,1,0,NULL,'2016-01-11 21:58:48'),
	(4,1,'location','按钮位置',80,'int','easyui-combobox',1,1,1,1,0,0,'select 1, \'顶部\' union all select 2, \'行内\'',4,1,0,NULL,'2016-01-11 21:58:48'),
	(5,1,'action','行为',80,'int','easyui-combobox',1,1,1,1,0,0,'select 0, \'自定义\' union all select 1, \'打开子页面\'',5,1,0,NULL,'2016-01-11 21:58:48'),
	(190,15,'archremark','资料归档备注',120,'varchar','easyui-textbox',1,1,1,1,0,1,NULL,119,1,0,NULL,'2016-09-18 17:31:32'),
	(189,15,'archtime','资料归档时间',120,'date','easyui-textbox',1,1,1,1,0,1,NULL,118,1,0,NULL,'2016-09-18 17:31:32'),
	(188,15,'archstatus','资料归档情况',120,'varchar','easyui-textbox',1,1,1,1,0,1,NULL,117,1,0,NULL,'2016-09-18 17:31:32'),
	(187,15,'approvalopinion','审批意见',120,'varchar','easyui-textbox',1,1,1,1,0,1,NULL,116,1,0,NULL,'2016-09-18 17:31:32'),
	(186,15,'gjrelation','共借人关系',120,'varchar','easyui-textbox',1,1,1,1,0,1,NULL,115,1,0,NULL,'2016-09-18 17:31:32'),
	(7,2,'js_content','扩展js',120,'text','textarea',0,1,1,1,0,0,'',4,1,0,NULL,'2016-01-12 15:35:01'),
	(6,2,'create_time','创建时间',130,'timestamp','easyui-textbox',1,1,0,0,0,1,'',5,1,0,NULL,'2016-01-12 15:35:01'),
	(8,2,'page','页面',120,'varchar','easyui-combobox',1,1,1,1,0,0,'select \'list\' as \'key\', \'list\' as \'value\' union all select \'add\', \'add\' union all select \'update\', \'update\' union all select \'detail\', \'detail\'',2,1,0,NULL,'2016-01-12 15:35:01'),
	(209,16,'turnover_volume','成交量',120,'bigint','easyui-textbox',1,1,1,1,0,1,'',12,1,0,NULL,'2016-09-18 17:31:55'),
	(210,16,'turnover_money','成交金额',120,'bigint','easyui-textbox',1,1,1,1,0,1,'',13,1,0,NULL,'2016-09-18 17:31:55'),
	(182,15,'refundtime','退款时间',120,'date','easyui-textbox',1,1,1,1,0,1,NULL,111,1,0,NULL,'2016-09-18 17:31:32'),
	(183,15,'loanMoney','loanMoney',120,'double','easyui-textbox',1,1,1,1,0,1,NULL,112,1,0,NULL,'2016-09-18 17:31:32'),
	(184,15,'creditLevel','信用卡等级',120,'varchar','easyui-textbox',1,1,1,1,0,1,NULL,113,1,0,NULL,'2016-09-18 17:31:32'),
	(185,15,'buyhouseaddress','客户新买房新地址',120,'varchar','easyui-textbox',1,1,1,1,0,1,NULL,114,1,0,NULL,'2016-09-18 17:31:32'),
	(26,5,'menu_id','所属菜单',100,'int','easyui-combobox',1,1,1,1,1,0,'select id, menu_name from sys_menu',1,1,0,NULL,'2016-02-14 16:35:56'),
	(28,5,'class_name','页面class名称',100,'varchar','easyui-textbox',1,1,1,1,0,0,'',3,1,0,NULL,'2016-02-14 16:35:56'),
	(27,5,'btn_name','按钮名称',100,'varchar','easyui-textbox',1,1,1,1,0,0,'',2,1,0,NULL,'2016-02-14 16:35:56'),
	(34,6,'value','字段件值',80,'varchar','easyui-textbox',1,1,1,1,0,0,'',5,1,0,NULL,'2016-02-25 23:55:58'),
	(36,6,'symbol','符号',80,'varchar','easyui-combobox',1,1,1,1,0,0,'select dict_key, dict_value from sys_dict where dict_type=\'datarule_symbol\'',4,1,0,NULL,'2016-02-28 03:20:56'),
	(33,6,'field_name','字段名称',100,'varchar','easyui-textbox',1,1,1,1,0,0,'',3,1,0,NULL,'2016-02-25 23:55:58'),
	(32,6,'menu_id','菜单',100,'int','easyui-combobox',1,1,1,1,1,0,'select id, menu_name from sys_menu',2,1,0,NULL,'2016-02-25 23:55:58'),
	(194,15,'overduecount','逾期次数',120,'varchar','easyui-textbox',1,1,1,1,0,1,NULL,123,1,0,NULL,'2016-09-18 17:31:32'),
	(193,15,'repaystatus','还款情况',120,'varchar','easyui-textbox',1,1,1,1,0,1,NULL,122,1,0,NULL,'2016-09-18 17:31:32'),
	(192,15,'mortgageremark','按揭备注',120,'varchar','easyui-textbox',1,1,1,1,0,1,NULL,121,1,0,NULL,'2016-09-18 17:31:32'),
	(191,15,'mortgagestatus','按揭情况',120,'varchar','easyui-textbox',1,1,1,1,0,1,NULL,120,1,0,NULL,'2016-09-18 17:31:32'),
	(181,15,'refundamount','退款金额',120,'int','easyui-textbox',1,1,1,1,0,1,NULL,110,1,0,NULL,'2016-09-18 17:31:32'),
	(43,8,'role_name','角色名称',120,'varchar','easyui-textbox',1,1,1,1,0,0,'',1,1,0,NULL,'2016-02-12 01:58:39'),
	(42,8,'id','id',120,'int','easyui-numberspinner',1,1,1,1,0,0,'',0,1,0,NULL,'2016-02-12 01:58:39'),
	(44,8,'create_time','创建时间',120,'timestamp','easyui-datebox',1,1,0,0,0,1,'',2,1,0,NULL,'2016-02-12 01:58:39'),
	(30,5,'create_time','创建时间',120,'timestamp','easyui-datebox',0,0,0,0,0,0,'',5,1,0,NULL,'2016-02-14 16:35:56'),
	(37,7,'id','id',120,'int','easyui-numberspinner',1,1,1,1,0,0,'',0,1,0,NULL,'2016-03-01 04:39:14'),
	(41,7,'create_time','创建时间',120,'timestamp','easyui-datebox',1,1,0,0,1,0,'',4,2,0,NULL,'2016-03-01 04:39:14'),
	(40,7,'dict_value','值',120,'varchar','easyui-textbox',1,1,1,1,1,0,'',2,1,0,NULL,'2016-03-01 04:39:14'),
	(39,7,'dict_key','键',120,'varchar','easyui-textbox',1,1,1,1,1,0,'',3,1,0,NULL,'2016-03-01 04:39:14'),
	(38,7,'dict_type','类型',120,'varchar','easyui-combobox',1,1,1,1,1,0,'select distinct dict_type as \'key\', dict_type as \'value\' from sys_dict',1,1,0,NULL,'2016-03-01 04:39:14'),
	(61,12,'roles','角色',120,'varchar','easyui-combobox',1,1,1,1,0,1,'select id, role_name from sys_role',4,1,0,NULL,'2016-02-23 04:31:08'),
	(60,12,'create_time','创建时间',120,'timestamp','easyui-textbox',1,1,0,0,1,1,'',5,2,0,NULL,'2016-01-07 21:31:45'),
	(59,12,'password','密码',120,'varchar','easyui-textbox',0,0,1,0,0,1,'',3,1,0,NULL,'2016-01-07 21:31:45'),
	(57,12,'id','id',120,'int','easyui-textbox',1,1,1,1,0,1,'',1,1,0,NULL,'2016-01-07 21:31:45'),
	(58,12,'user_name','用户名',120,'varchar','easyui-textbox',1,1,1,1,1,1,'',2,1,0,NULL,'2016-01-07 21:31:45'),
	(180,15,'consultantphone','顾问号码',120,'varchar','easyui-textbox',1,1,1,1,0,1,NULL,109,1,0,NULL,'2016-09-18 17:31:32'),
	(179,15,'houseConsultant','职业顾问',120,'varchar','easyui-textbox',1,1,1,1,0,1,NULL,108,1,0,NULL,'2016-09-18 17:31:32'),
	(178,15,'loanbankaccount','还款银行卡号',120,'varchar','easyui-textbox',1,1,1,1,0,1,NULL,107,1,0,NULL,'2016-09-18 17:31:32'),
	(177,15,'accountbranch','开户支行',120,'varchar','easyui-textbox',1,1,1,1,0,1,NULL,106,1,0,NULL,'2016-09-18 17:31:32'),
	(31,6,'id','id',120,'int','easyui-numberspinner',1,1,1,1,0,0,'',1,1,0,NULL,'2016-02-25 23:55:58'),
	(176,15,'applyloandate','申请放款时间',120,'date','easyui-textbox',1,1,1,1,0,1,NULL,105,1,0,NULL,'2016-09-18 17:31:32'),
	(175,15,'urgentlevel','紧急程度',120,'varchar','easyui-textbox',1,1,1,1,0,1,NULL,104,1,0,NULL,'2016-09-18 17:31:32'),
	(174,15,'othertime','othertime',120,'date','easyui-textbox',1,1,1,1,0,1,NULL,103,1,0,NULL,'2016-09-18 17:31:32'),
	(173,15,'otheramount','加他付款方式',120,'int','easyui-textbox',1,1,1,1,0,1,NULL,102,1,0,NULL,'2016-09-18 17:31:32'),
	(172,15,'transfertime','转账时间',120,'date','easyui-textbox',1,1,1,1,0,1,NULL,101,1,0,NULL,'2016-09-18 17:31:32'),
	(171,15,'transferamount','转账金额',120,'int','easyui-textbox',1,1,1,1,0,1,NULL,100,1,0,NULL,'2016-09-18 17:31:32'),
	(170,15,'cashtime','现金付款时间',120,'date','easyui-textbox',1,1,1,1,0,1,NULL,99,1,0,NULL,'2016-09-18 17:31:32'),
	(169,15,'cashamount','现金金额',120,'int','easyui-textbox',1,1,1,1,0,1,NULL,98,1,0,NULL,'2016-09-18 17:31:32'),
	(168,15,'postime','pos刷卡时间',120,'date','easyui-textbox',1,1,1,1,0,1,NULL,97,1,0,NULL,'2016-09-18 17:31:32'),
	(167,15,'posamount','放款金额',120,'int','easyui-textbox',1,1,1,1,0,1,NULL,96,1,0,NULL,'2016-09-18 17:31:32'),
	(166,15,'recviway','还款方式1 pos机器 2现金  3转账  4其他',120,'varchar','easyui-textbox',1,1,1,1,0,1,NULL,95,1,0,NULL,'2016-09-18 17:31:32'),
	(165,15,'loantime','放款时间',120,'date','easyui-textbox',1,1,1,1,0,1,NULL,94,1,0,NULL,'2016-09-18 17:31:32'),
	(164,15,'loanstatus','放款状态',120,'varchar','easyui-textbox',1,1,1,1,0,1,NULL,93,1,0,NULL,'2016-09-18 17:31:32'),
	(163,15,'signtime','签约时间',120,'date','easyui-textbox',1,1,1,1,0,1,NULL,92,1,0,NULL,'2016-09-18 17:31:32'),
	(162,15,'signstatus','签约状态',120,'varchar','easyui-textbox',1,1,1,1,0,1,NULL,91,1,0,NULL,'2016-09-18 17:31:32'),
	(161,15,'repay','repay',120,'varchar','easyui-textbox',1,1,1,1,0,1,NULL,90,1,0,NULL,'2016-09-18 17:31:32'),
	(160,15,'period','period',120,'int','easyui-textbox',1,1,1,1,0,1,NULL,89,1,0,NULL,'2016-09-18 17:31:32'),
	(159,15,'personPath','personPath',120,'varchar','easyui-textbox',1,1,1,1,0,1,NULL,88,1,0,NULL,'2016-09-18 17:31:32'),
	(158,15,'fkid','fkid',120,'int','easyui-textbox',1,1,1,1,0,1,NULL,87,1,0,NULL,'2016-09-18 17:31:32'),
	(157,15,'examindate','报审时间',120,'date','easyui-textbox',1,1,1,1,0,1,NULL,86,1,0,NULL,'2016-09-18 17:31:32'),
	(156,15,'fundname','fundname',120,'varchar','easyui-textbox',1,1,1,1,0,1,NULL,85,1,0,NULL,'2016-09-18 17:31:32'),
	(155,15,'fund','fund',120,'varchar','easyui-textbox',1,1,1,1,0,1,NULL,84,1,0,NULL,'2016-09-18 17:31:32'),
	(154,15,'loantimelimit','loantimelimit',120,'int','easyui-textbox',1,1,1,1,0,1,NULL,83,1,0,NULL,'2016-09-18 17:31:32'),
	(153,15,'zcompanyaddress','zcompanyaddress',120,'varchar','easyui-textbox',1,1,1,1,0,1,NULL,82,1,0,NULL,'2016-09-18 17:31:32'),
	(152,15,'gunitaddress','gunitaddress',120,'varchar','easyui-textbox',1,1,1,1,0,1,NULL,81,1,0,NULL,'2016-09-18 17:31:32'),
	(151,15,'xsname','xsname',120,'varchar','easyui-textbox',1,1,1,1,0,1,NULL,80,1,0,NULL,'2016-09-18 17:31:32'),
	(150,15,'xsid','xsid',120,'int','easyui-textbox',1,1,1,1,0,1,NULL,79,1,0,NULL,'2016-09-18 17:31:32'),
	(149,15,'relations','relations',120,'varchar','easyui-textbox',1,1,1,1,0,1,NULL,78,1,0,NULL,'2016-09-18 17:31:32'),
	(148,15,'creditLoanMoney','creditLoanMoney',120,'double','easyui-textbox',1,1,1,1,0,1,NULL,77,1,0,NULL,'2016-09-18 17:31:32'),
	(147,15,'zenterpborrow','zenterpborrow',120,'double','easyui-textbox',1,1,1,1,0,1,NULL,76,1,0,NULL,'2016-09-18 17:31:32'),
	(146,15,'creditNumber','creditNumber',120,'int','easyui-textbox',1,1,1,1,0,1,NULL,75,1,0,NULL,'2016-09-18 17:31:32'),
	(145,15,'aname','aname',120,'varchar','easyui-textbox',1,1,1,1,0,1,NULL,74,1,0,NULL,'2016-09-18 17:31:32'),
	(144,15,'ctime','ctime',120,'datetime','easyui-textbox',1,1,1,1,0,1,NULL,73,1,0,NULL,'2016-09-18 17:31:32'),
	(143,15,'adid','adid',120,'int','easyui-textbox',1,1,1,1,0,1,NULL,72,1,0,NULL,'2016-09-18 17:31:32'),
	(142,15,'contposition','紧急联系人工作职位',120,'varchar','easyui-textbox',1,1,1,1,0,1,NULL,71,1,0,NULL,'2016-09-18 17:31:32'),
	(141,15,'contworkdep','紧急联系人工作部门',120,'varchar','easyui-textbox',1,1,1,1,0,1,NULL,70,1,0,NULL,'2016-09-18 17:31:32'),
	(140,15,'contunitaddress','紧急联系人单位地址',120,'varchar','easyui-textbox',1,1,1,1,0,1,NULL,69,1,0,NULL,'2016-09-18 17:31:32'),
	(139,15,'contunitphone','紧急联系人单位电话',120,'varchar','easyui-textbox',1,1,1,1,0,1,NULL,68,1,0,NULL,'2016-09-18 17:31:32'),
	(138,15,'contunitname','紧急联系人单位名称',120,'varchar','easyui-textbox',1,1,1,1,0,1,NULL,67,1,0,NULL,'2016-09-18 17:31:32'),
	(137,15,'contaddress','紧急联系人地址',120,'varchar','easyui-textbox',1,1,1,1,0,1,NULL,66,1,0,NULL,'2016-09-18 17:31:32'),
	(136,15,'contphone','紧急联系人住宅电话',120,'varchar','easyui-textbox',1,1,1,1,0,1,NULL,65,1,0,NULL,'2016-09-18 17:31:32'),
	(135,15,'contmobile','紧急联系人电话',120,'varchar','easyui-textbox',1,1,1,1,0,1,NULL,64,1,0,NULL,'2016-09-18 17:31:32'),
	(134,15,'contloan','经济联系人是否知晓贷款',120,'varchar','easyui-textbox',1,1,1,1,0,1,NULL,63,1,0,NULL,'2016-09-18 17:31:32'),
	(133,15,'contrelation','紧急联系人关系',120,'varchar','easyui-textbox',1,1,1,1,0,1,NULL,62,1,0,NULL,'2016-09-18 17:31:32'),
	(132,15,'contsex','紧急联系人性别',120,'varchar','easyui-textbox',1,1,1,1,0,1,NULL,61,1,0,NULL,'2016-09-18 17:31:32'),
	(131,15,'contage','紧急联系人年龄',120,'int','easyui-textbox',1,1,1,1,0,1,NULL,60,1,0,NULL,'2016-09-18 17:31:32'),
	(130,15,'contname','紧急联系人姓名',120,'varchar','easyui-textbox',1,1,1,1,0,1,NULL,59,1,0,NULL,'2016-09-18 17:31:32'),
	(129,15,'otherloan','其他贷款',120,'int','easyui-textbox',1,1,1,1,0,1,NULL,58,1,0,NULL,'2016-09-18 17:31:32'),
	(128,15,'creditconsume','信用卡已消费',120,'int','easyui-textbox',1,1,1,1,0,1,NULL,57,1,0,NULL,'2016-09-18 17:31:32'),
	(127,15,'creditlimit','信用卡最高额度',120,'int','easyui-textbox',1,1,1,1,0,1,NULL,56,1,0,NULL,'2016-09-18 17:31:32'),
	(126,15,'bankaccount','用户银行账户',120,'varchar','easyui-textbox',1,1,1,1,0,1,NULL,55,1,0,NULL,'2016-09-18 17:31:32'),
	(125,15,'age','年龄',120,'int','easyui-textbox',1,1,1,1,0,1,NULL,54,1,0,NULL,'2016-09-18 17:31:32'),
	(124,15,'zsharesratio','占股比例-自雇',120,'varchar','easyui-textbox',1,1,1,1,0,1,NULL,53,1,0,NULL,'2016-09-18 17:31:32'),
	(123,15,'zmanageplace','经营场所-自雇',120,'varchar','easyui-textbox',1,1,1,1,0,1,NULL,52,1,0,NULL,'2016-09-18 17:31:32'),
	(122,15,'zenterploan','企业借款-自雇',120,'int','easyui-textbox',1,1,1,1,0,1,NULL,51,1,0,NULL,'2016-09-18 17:31:32'),
	(121,15,'zenterpfund','企业资产-自雇',120,'int','easyui-textbox',1,1,1,1,0,1,NULL,50,1,0,NULL,'2016-09-18 17:31:32'),
	(120,15,'zyearbus','年营业额-自雇',120,'int','easyui-textbox',1,1,1,1,0,1,NULL,49,1,0,NULL,'2016-09-18 17:31:32'),
	(119,15,'zmonincome','月收入—自雇',120,'int','easyui-textbox',1,1,1,1,0,1,NULL,48,1,0,NULL,'2016-09-18 17:31:32'),
	(118,15,'zindustrytype','行业类型-自雇',120,'varchar','easyui-textbox',1,1,1,1,0,1,NULL,47,1,0,NULL,'2016-09-18 17:31:32'),
	(117,15,'zcompanyname','企业名-自雇',120,'varchar','easyui-textbox',1,1,1,1,0,1,NULL,46,1,0,NULL,'2016-09-18 17:31:32'),
	(116,15,'gsalaryway','工作发放形式-工薪',120,'varchar','easyui-textbox',1,1,1,1,0,1,NULL,45,1,0,NULL,'2016-09-18 17:31:32'),
	(115,15,'gworklife','工作年限-工薪',120,'varchar','easyui-textbox',1,1,1,1,0,1,NULL,44,1,0,NULL,'2016-09-18 17:31:32'),
	(114,15,'gmonincome','月收入-工薪',120,'int','easyui-textbox',1,1,1,1,0,1,NULL,43,1,0,NULL,'2016-09-18 17:31:32'),
	(113,15,'gjoblevel','工作级别-工薪',120,'varchar','easyui-textbox',1,1,1,1,0,1,NULL,42,1,0,NULL,'2016-09-18 17:31:32'),
	(112,15,'gunitnature','单位性质-工薪',120,'varchar','easyui-textbox',1,1,1,1,0,1,NULL,41,1,0,NULL,'2016-09-18 17:31:32'),
	(111,15,'gunitname','单位名称-工薪',120,'varchar','easyui-textbox',1,1,1,1,0,1,NULL,40,1,0,NULL,'2016-09-18 17:31:32'),
	(110,15,'job','职业',120,'varchar','easyui-textbox',1,1,1,1,0,1,NULL,39,1,0,NULL,'2016-09-18 17:31:32'),
	(109,15,'familyaddress','家庭地址',120,'varchar','easyui-textbox',1,1,1,1,0,1,NULL,38,1,0,NULL,'2016-09-18 17:31:32'),
	(108,15,'marriagestatus','婚姻状态',120,'varchar','easyui-textbox',1,1,1,1,0,1,NULL,37,1,0,NULL,'2016-09-18 17:31:32'),
	(107,15,'homestatus','置业状况',120,'varchar','easyui-textbox',1,1,1,1,0,1,NULL,36,1,0,NULL,'2016-09-18 17:31:32'),
	(106,15,'applyamount','申请金额',120,'double','easyui-textbox',1,1,1,1,0,1,NULL,35,1,0,NULL,'2016-09-18 17:31:32'),
	(105,15,'loanproduct','贷款产品',120,'varchar','easyui-textbox',1,1,1,1,0,1,NULL,34,1,0,NULL,'2016-09-18 17:31:32'),
	(104,15,'fristpayratio','首付比例',120,'int','easyui-textbox',1,1,1,1,0,1,NULL,33,1,0,NULL,'2016-09-18 17:31:32'),
	(103,15,'buyhouseamount','购房金额',120,'int','easyui-textbox',1,1,1,1,0,1,NULL,32,1,0,NULL,'2016-09-18 17:31:32'),
	(102,15,'familycount','家庭人口数量',120,'int','easyui-textbox',1,1,1,1,0,1,NULL,31,1,0,NULL,'2016-09-18 17:31:32'),
	(101,15,'salaryway','工资发放形式',120,'varchar','easyui-textbox',1,1,1,1,0,1,NULL,30,1,0,NULL,'2016-09-18 17:31:32'),
	(100,15,'domloction','户籍所在地',120,'varchar','easyui-textbox',1,1,1,1,0,1,NULL,29,1,0,NULL,'2016-09-18 17:31:32'),
	(99,15,'health','健康状况',120,'varchar','easyui-textbox',1,1,1,1,0,1,NULL,28,1,0,NULL,'2016-09-18 17:31:32'),
	(98,15,'higdegree','最高学位',120,'varchar','easyui-textbox',1,1,1,1,0,1,NULL,27,1,0,NULL,'2016-09-18 17:31:32'),
	(97,15,'pidunit','发证机关',120,'varchar','easyui-textbox',1,1,1,1,0,1,NULL,26,1,0,NULL,'2016-09-18 17:31:32'),
	(96,15,'pidvaildity','证件有效期',120,'date','easyui-textbox',1,1,1,1,0,1,NULL,25,1,0,NULL,'2016-09-18 17:31:32'),
	(95,15,'pidtype','证件类型',120,'varchar','easyui-textbox',1,1,1,1,0,1,NULL,24,1,0,NULL,'2016-09-18 17:31:32'),
	(94,15,'nation','民族',120,'varchar','easyui-textbox',1,1,1,1,0,1,NULL,23,1,0,NULL,'2016-09-18 17:31:32'),
	(93,15,'natiomality','国籍',120,'varchar','easyui-textbox',1,1,1,1,0,1,NULL,22,1,0,NULL,'2016-09-18 17:31:32'),
	(211,16,'create_time','创建时间',120,'timestamp','easyui-textbox',1,1,1,1,0,0,'',14,1,0,NULL,'2016-09-18 17:31:55'),
	(208,16,'change_ratio','涨跌幅',120,'double','easyui-textbox',1,1,1,1,0,1,'',11,1,0,NULL,'2016-09-18 17:31:55'),
	(207,16,'change_amount','涨跌额',120,'double','easyui-textbox',1,1,1,1,0,1,'',10,1,0,NULL,'2016-09-18 17:31:55'),
	(206,16,'pre','前收盘',120,'double','easyui-textbox',1,1,1,1,0,1,'',9,1,0,NULL,'2016-09-18 17:31:55'),
	(205,16,'opening_price','开盘价',120,'double','easyui-textbox',1,1,1,1,0,1,'',8,2,0,NULL,'2016-09-18 17:31:55'),
	(204,16,'minimum_price','最低价',120,'double','easyui-textbox',1,1,1,1,1,1,'',7,2,0,NULL,'2016-09-18 17:31:55'),
	(202,16,'closing_price','收盘价',120,'double','easyui-textbox',1,1,1,1,1,1,'',5,2,0,NULL,'2016-09-18 17:31:55'),
	(203,16,'top_price','最高价',120,'double','easyui-textbox',1,1,1,1,1,1,'',6,2,0,NULL,'2016-09-18 17:31:55'),
	(200,16,'code','股票代码',120,'varchar','easyui-textbox',1,1,1,1,0,1,'',3,1,0,NULL,'2016-09-18 17:31:55'),
	(92,15,'birthday','出生年月',120,'date','easyui-textbox',1,1,1,1,0,1,NULL,21,1,0,NULL,'2016-09-18 17:31:32'),
	(91,15,'sex','客户性别',120,'varchar','easyui-textbox',1,1,1,1,0,1,NULL,20,1,0,NULL,'2016-09-18 17:31:32'),
	(90,15,'etime','贷款结束时间',120,'date','easyui-textbox',1,1,1,1,0,1,NULL,19,1,0,NULL,'2016-09-18 17:31:32'),
	(89,15,'stime','贷款开始时间',120,'date','easyui-textbox',1,1,1,1,0,1,NULL,18,1,0,NULL,'2016-09-18 17:31:32'),
	(88,15,'price','贷款金额',120,'int','easyui-textbox',1,1,1,1,0,0,NULL,17,1,0,NULL,'2016-09-18 17:31:32'),
	(87,15,'ordercode','订单id',120,'varchar','easyui-textbox',1,1,1,1,0,1,NULL,16,1,0,NULL,'2016-09-18 17:31:32'),
	(86,15,'tempcontent','修改数据',120,'varchar','easyui-textbox',1,1,1,1,0,1,NULL,15,1,0,NULL,'2016-09-18 17:31:32'),
	(85,15,'score','按模型计算得分',120,'int','easyui-textbox',1,1,1,1,0,1,NULL,14,1,0,NULL,'2016-09-18 17:31:32'),
	(84,15,'mid','使用模型',120,'int','easyui-textbox',1,1,1,1,0,1,NULL,13,1,0,NULL,'2016-09-18 17:31:32'),
	(83,15,'status','状态',120,'int','easyui-textbox',1,1,1,1,0,1,NULL,12,1,0,NULL,'2016-09-18 17:31:32'),
	(82,15,'type','客户类型',120,'int','easyui-textbox',1,1,1,1,0,1,NULL,11,1,0,NULL,'2016-09-18 17:31:32'),
	(81,15,'pname','项目名',120,'varchar','easyui-textbox',1,1,1,1,0,1,NULL,10,1,0,NULL,'2016-09-18 17:31:32'),
	(80,15,'pid','项目id',120,'int','easyui-textbox',1,1,1,1,0,1,NULL,9,1,0,NULL,'2016-09-18 17:31:32'),
	(79,15,'cityname','城市名',120,'varchar','easyui-textbox',1,1,1,1,0,1,NULL,8,1,0,NULL,'2016-09-18 17:31:32'),
	(78,15,'cityid','城市id',120,'int','easyui-textbox',1,1,1,1,0,1,NULL,7,1,0,NULL,'2016-09-18 17:31:32'),
	(77,15,'mobile','客户手机号码',120,'varchar','easyui-textbox',1,1,1,1,1,1,'',6,1,0,NULL,'2016-09-18 17:31:32'),
	(76,15,'idcard','客户身份证',120,'varchar','easyui-textbox',1,1,1,1,1,1,'',5,1,0,NULL,'2016-09-18 17:31:32'),
	(75,15,'name','客户姓名',120,'varchar','easyui-textbox',1,1,1,1,1,1,'',4,1,0,NULL,'2016-09-18 17:31:32'),
	(74,15,'parentid','主借人id',120,'int','easyui-textbox',1,1,1,1,1,1,'',3,1,0,NULL,'2016-09-18 17:31:32'),
	(73,15,'source','客户来源',120,'int','easyui-textbox',1,1,1,1,1,1,'',2,1,0,NULL,'2016-09-18 17:31:32'),
	(72,15,'cid','主键客户信息表',120,'int','easyui-textbox',1,1,1,1,0,0,'',1,1,0,NULL,'2016-09-18 17:31:32'),
	(201,16,'name','名称',120,'varchar','easyui-textbox',1,1,1,1,0,1,'',4,1,0,NULL,'2016-09-18 17:31:55'),
	(199,16,'dt','日期',120,'date','easyui-datebox',1,1,1,1,1,1,'',2,2,0,NULL,'2016-09-18 17:31:55'),
	(198,16,'id','id',120,'int','easyui-textbox',1,1,1,1,0,0,'',1,1,0,NULL,'2016-09-18 17:31:55'),
	(218,17,'last_update_time','最后更新时间',120,'datetime','easyui-datebox',0,1,0,1,0,1,'',7,1,0,NULL,'2016-09-18 17:40:23'),
	(217,17,'create_time','创建时间',120,'timestamp','easyui-datebox',1,1,1,1,1,0,'',6,2,0,NULL,'2016-09-18 17:40:23'),
	(216,17,'status','状态',100,'int','easyui-combobox',1,1,1,1,1,1,'[dbSource=zcurd_busi]select \'0\', \'未采集\' union all select \'1\', \'采集中\' union all select \'2\', \'采集完\'',5,1,0,NULL,'2016-09-18 17:40:23'),
	(215,17,'url','阅读地址',250,'varchar','easyui-textbox',1,1,1,1,0,1,'',4,1,0,NULL,'2016-09-18 17:40:23'),
	(214,17,'book_name','书名',120,'varchar','easyui-textbox',1,1,1,1,1,1,'',3,1,0,NULL,'2016-09-18 17:40:23'),
	(213,17,'source','来源',120,'varchar','easyui-textbox',1,1,1,1,0,1,'',2,1,0,NULL,'2016-09-18 17:40:23'),
	(212,17,'id','id',120,'int','easyui-textbox',1,1,1,1,0,0,'',1,1,0,NULL,'2016-09-18 17:40:23'),
	(10000,1,'head_id','所属表单',100,'int','easyui-combobox',1,1,1,1,1,0,'select id, form_name from zcurd_head',1,1,0,NULL,'2016-09-27 00:06:53'),
	(3,1,'btn_name','按钮名称',80,'varchar','easyui-textbox',1,1,1,1,0,0,'',2,1,0,NULL,'2016-01-11 21:58:48'),
	(35,6,'create_time','创建时间',120,'timestamp','easyui-datebox',0,0,0,0,0,0,'',6,1,0,NULL,'2016-02-25 23:55:58'),
	(25,5,'id','id',120,'int','easyui-numberspinner',1,1,1,1,0,0,'',0,1,0,NULL,'2016-02-14 16:35:56'),
	(29,5,'method_name','后台method名称',120,'varchar','easyui-textbox',1,1,1,1,0,1,'',4,1,0,NULL,'2016-02-14 16:35:56'),
	(195,15,'overfueremark','逾期记录',120,'varchar','easyui-textbox',1,1,1,1,0,1,NULL,124,1,0,NULL,'2016-09-18 17:31:32'),
	(196,15,'cheLoanMoney','cheLoanMoney',120,'int','easyui-textbox',1,1,1,1,0,1,NULL,125,1,0,NULL,'2016-09-18 17:31:32'),
	(197,15,'houseLoanMoney','houseLoanMoney',120,'int','easyui-textbox',1,1,1,1,0,1,NULL,126,1,0,NULL,'2016-09-18 17:31:32'),
	(10001,2,'sql_content','扩展sql',120,'varchar','textarea',1,1,1,1,0,1,'',3,1,0,NULL,'2016-11-19 16:08:05'),
	(9,2,'head_id','所属表单',120,'int','easyui-combobox',1,1,1,1,1,0,'select id, form_name from zcurd_head',1,1,0,NULL,'2016-01-12 15:35:01'),
	(10004,18,'url','图片地址',120,'varchar','easyui-filebox_img',1,1,1,1,0,0,'',3,1,0,NULL,'2016-12-20 00:17:53'),
	(10005,18,'create_time','创建时间',120,'timestamp','easyui-datebox',1,1,0,0,0,0,'',4,1,0,NULL,'2016-12-20 00:17:53'),
	(10003,18,'name','图片名称',120,'varchar','easyui-textbox',1,1,1,1,1,0,'',2,1,0,NULL,'2016-12-20 00:17:53'),
	(10002,18,'id','id',120,'int unsigned','easyui-textbox',1,1,1,1,0,0,'',1,1,0,NULL,'2016-12-20 00:17:53'),
	(10024,20,'turnover_volume','成交量',120,'bigint','easyui-numberspinner',1,1,1,1,0,1,'',12,1,0,'','2016-12-21 23:07:45'),
	(10023,20,'change_ratio','涨跌幅',120,'double','easyui-textbox',1,1,1,1,0,1,'',11,1,0,'','2016-12-21 23:07:45'),
	(10022,20,'change_amount','涨跌额',120,'double','easyui-textbox',1,1,1,1,0,1,'',10,1,0,'','2016-12-21 23:07:45'),
	(10021,20,'pre','前收盘',120,'double','easyui-textbox',1,1,1,1,0,1,'',9,1,0,'','2016-12-21 23:07:45'),
	(10020,20,'opening_price','开盘价',120,'double','easyui-textbox',1,1,1,1,0,1,'',8,1,0,'','2016-12-21 23:07:45'),
	(10019,20,'minimum_price','最低价',120,'double','easyui-textbox',1,1,1,1,0,1,'',7,1,0,'','2016-12-21 23:07:45'),
	(10018,20,'top_price','最高价',120,'double','easyui-textbox',1,1,1,1,0,1,'',6,1,0,'','2016-12-21 23:07:45'),
	(10017,20,'closing_price','收盘价',120,'double','easyui-textbox',1,1,1,1,0,1,'',5,1,0,'','2016-12-21 23:07:45'),
	(10016,20,'name','名称',120,'varchar','easyui-textbox',1,1,1,1,0,1,'',4,1,0,'','2016-12-21 23:07:45'),
	(10015,20,'code','股票代码',120,'varchar','easyui-textbox',1,1,1,1,0,1,'',3,1,0,'','2016-12-21 23:07:45'),
	(10032,21,'create_time','创建时间',120,'timestamp','easyui-datebox',1,1,0,0,0,1,'',6,1,0,NULL,'2016-12-21 23:09:46'),
	(10033,21,'last_update_time','最后更新时间',120,'datetime','easyui-datebox',1,1,0,1,0,1,'',7,1,0,NULL,'2016-12-21 23:09:46'),
	(10031,21,'status','状态',120,'int','easyui-combobox',1,1,1,1,1,0,'[dbSource=zcurd_busi]select \'0\', \'未采集\' union all select \'1\', \'采集中\' union all select \'2\', \'采集完\'',5,1,0,NULL,'2016-12-21 23:09:46'),
	(10030,21,'url','url',120,'varchar','easyui-textbox',1,1,1,1,0,0,'',4,1,0,NULL,'2016-12-21 23:09:46'),
	(10029,21,'book_name','书名',120,'varchar','easyui-textbox',1,1,1,1,1,0,'',3,1,0,NULL,'2016-12-21 23:09:46'),
	(10028,21,'source','来源',120,'varchar','easyui-textbox',1,1,1,1,0,0,'',2,1,0,NULL,'2016-12-21 23:09:46'),
	(10027,21,'id','id',120,'int','easyui-numberspinner',1,1,1,1,0,0,'',1,1,0,NULL,'2016-12-21 23:09:46'),
	(10037,22,'create_time','创建时间',120,'timestamp','easyui-datebox',1,1,0,0,0,0,'',4,1,0,'','2016-12-21 23:12:51'),
	(10036,22,'url','图片地址',120,'varchar','easyui-filebox_img',1,1,1,1,0,0,'',3,1,0,'','2016-12-21 23:12:51'),
	(10035,22,'name','图片名称',120,'varchar','easyui-textbox',1,1,0,1,0,0,'',2,1,0,'${user.id}','2016-12-21 23:12:51'),
	(10034,22,'id','id',120,'int unsigned','easyui-textbox',1,1,1,1,0,0,'',1,1,0,'','2016-12-21 23:12:51'),
	(10038,1,'btn_icon','按钮图标',80,'varchar','easyui-textbox',1,1,1,1,0,0,'',3,1,0,NULL,'2017-01-27 15:38:07'),
	(10044,23,'create_user_id','创建人',120,'int','easyui-numberspinner',0,1,0,0,0,1,'',10,1,0,'${user.id}','2017-03-04 16:10:22'),
	(10047,23,'status','状态',80,'int','easyui-combobox',1,1,1,1,1,1,'select dict_key, dict_value from sys_dict where dict_type=\'task_statu\'',9,1,0,'2','2017-03-04 16:10:22'),
	(10046,23,'last_run_time_cost','上次执行耗时',90,'int','easyui-numberspinner',1,1,0,0,0,1,'',8,1,0,'','2017-03-04 16:10:22'),
	(10045,23,'last_run_time','上次执行时间',120,'datetime','easyui-datebox',1,1,0,0,0,1,'',7,1,0,'','2017-03-04 16:10:22'),
	(10049,23,'last_run_result','上次执行结果',90,NULL,'easyui-textbox',1,1,0,0,0,1,'',5,1,0,'','2017-03-12 23:52:52'),
	(10043,23,'cron','cron表达式',100,'varchar','easyui-textbox',1,1,1,1,0,0,'',4,1,0,'','2017-03-04 16:10:22'),
	(10040,23,'name','名称',120,'varchar','easyui-textbox',1,1,1,1,1,0,'',1,1,0,'','2017-03-04 16:10:22'),
	(10041,23,'target_type','任务类型',70,'int','easyui-combobox',1,1,1,1,1,0,'select dict_key, dict_value from sys_dict where dict_type=\'task_type\'',2,1,0,'','2017-03-04 16:10:22'),
	(10042,23,'target_value','任务值',140,'varchar','easyui-textbox',1,1,1,1,0,0,'',3,1,0,'','2017-03-04 16:10:22'),
	(10039,23,'id','id',120,'int','easyui-numberspinner',1,1,1,1,0,0,'',0,1,0,'','2017-03-04 16:10:22'),
	(10048,23,'create_time','创建时间',120,'timestamp','easyui-datebox',1,1,0,0,0,1,'',10,1,0,'','2017-03-04 16:10:22'),
	(10025,20,'turnover_money','成交金额',120,'bigint','easyui-numberspinner',1,1,1,1,0,1,'',13,1,0,'','2016-12-21 23:07:45'),
	(10050,24,'id','id',120,'int','easyui-numberspinner',1,1,0,0,0,0,'',1,1,0,'','2017-03-15 00:07:20'),
	(10051,24,'task_id','所属任务',120,'int','easyui-combobox',1,1,0,0,1,1,'select id, name from task_base',2,1,0,'','2017-03-15 00:07:20'),
	(10052,24,'result','执行结果',80,'varchar','easyui-textbox',1,1,0,0,0,1,'',3,1,0,'','2017-03-15 00:07:20'),
	(10053,24,'start_time','开始时间',130,'datetime','easyui-datebox',1,1,0,0,0,1,'',4,1,0,'','2017-03-15 00:07:20'),
	(10054,24,'end_time','结束时间',130,'datetime','easyui-datebox',0,1,0,0,0,1,'',5,1,0,'','2017-03-15 00:07:20'),
	(10055,24,'cost_time','耗时(毫秒)',80,'int','easyui-numberspinner',1,1,0,0,0,1,'',6,1,0,'','2017-03-15 00:07:20'),
	(10056,24,'remark','备注',120,'varchar','easyui-textbox',1,1,0,0,0,1,'',7,1,0,'','2017-03-15 00:07:20'),
	(10014,20,'dt','日期',120,'date','easyui-datebox',1,1,1,1,1,1,'',2,1,0,'','2016-12-21 23:07:45'),
	(10013,20,'id','id',120,'int','easyui-numberspinner',1,1,1,1,0,0,'',1,1,0,'','2016-12-21 23:07:45'),
	(10026,20,'create_time','创建时间',120,'timestamp','easyui-datebox',1,1,0,0,0,0,'',14,2,0,'','2016-12-21 23:07:45'),
	(10159,25,'othertime','othertime',120,'date','easyui-datebox',1,1,1,1,0,1,NULL,103,1,0,NULL,'2017-05-08 14:06:25'),
	(10158,25,'otheramount','加他付款方式',120,'int','easyui-numberspinner',1,1,1,1,0,1,NULL,102,1,0,NULL,'2017-05-08 14:06:25'),
	(10157,25,'transfertime','转账时间',120,'date','easyui-datebox',1,1,1,1,0,1,NULL,101,1,0,NULL,'2017-05-08 14:06:25'),
	(10156,25,'transferamount','转账金额',120,'int','easyui-numberspinner',1,1,1,1,0,1,NULL,100,1,0,NULL,'2017-05-08 14:06:25'),
	(10155,25,'cashtime','现金付款时间',120,'date','easyui-datebox',1,1,1,1,0,1,NULL,99,1,0,NULL,'2017-05-08 14:06:25'),
	(10154,25,'cashamount','现金金额',120,'int','easyui-numberspinner',1,1,1,1,0,1,NULL,98,1,0,NULL,'2017-05-08 14:06:25'),
	(10153,25,'postime','pos刷卡时间',120,'date','easyui-datebox',1,1,1,1,0,1,NULL,97,1,0,NULL,'2017-05-08 14:06:25'),
	(10152,25,'posamount','放款金额',120,'int','easyui-numberspinner',1,1,1,1,0,1,NULL,96,1,0,NULL,'2017-05-08 14:06:25'),
	(10151,25,'recviway','还款方式1 pos机器 2现金  3转账  4其他',120,'varchar','easyui-textbox',1,1,1,1,0,1,NULL,95,1,0,NULL,'2017-05-08 14:06:25'),
	(10150,25,'loantime','放款时间',120,'date','easyui-datebox',1,1,1,1,0,1,NULL,94,1,0,NULL,'2017-05-08 14:06:25'),
	(10149,25,'loanstatus','放款状态',120,'varchar','easyui-textbox',1,1,1,1,0,1,NULL,93,1,0,NULL,'2017-05-08 14:06:25'),
	(10148,25,'signtime','签约时间',120,'date','easyui-datebox',1,1,1,1,0,1,NULL,92,1,0,NULL,'2017-05-08 14:06:25'),
	(10147,25,'signstatus','签约状态',120,'varchar','easyui-textbox',1,1,1,1,0,1,NULL,91,1,0,NULL,'2017-05-08 14:06:25'),
	(10146,25,'repay','repay',120,'varchar','easyui-textbox',1,1,1,1,0,1,NULL,90,1,0,NULL,'2017-05-08 14:06:25'),
	(10145,25,'period','period',120,'int','easyui-numberspinner',1,1,1,1,0,1,NULL,89,1,0,NULL,'2017-05-08 14:06:25'),
	(10144,25,'personPath','personPath',120,'varchar','easyui-textbox',1,1,1,1,0,1,NULL,88,1,0,NULL,'2017-05-08 14:06:25'),
	(10143,25,'fkid','fkid',120,'int','easyui-numberspinner',1,1,1,1,0,1,NULL,87,1,0,NULL,'2017-05-08 14:06:25'),
	(10142,25,'examindate','报审时间',120,'date','easyui-datebox',1,1,1,1,0,1,NULL,86,1,0,NULL,'2017-05-08 14:06:25'),
	(10141,25,'fundname','fundname',120,'varchar','easyui-textbox',1,1,1,1,0,1,NULL,85,1,0,NULL,'2017-05-08 14:06:25'),
	(10140,25,'fund','fund',120,'varchar','easyui-textbox',1,1,1,1,0,1,NULL,84,1,0,NULL,'2017-05-08 14:06:25'),
	(10139,25,'loantimelimit','loantimelimit',120,'int','easyui-numberspinner',1,1,1,1,0,1,NULL,83,1,0,NULL,'2017-05-08 14:06:25'),
	(10138,25,'zcompanyaddress','zcompanyaddress',120,'varchar','easyui-textbox',1,1,1,1,0,1,NULL,82,1,0,NULL,'2017-05-08 14:06:25'),
	(10137,25,'gunitaddress','gunitaddress',120,'varchar','easyui-textbox',1,1,1,1,0,1,NULL,81,1,0,NULL,'2017-05-08 14:06:25'),
	(10136,25,'xsname','xsname',120,'varchar','easyui-textbox',1,1,1,1,0,1,NULL,80,1,0,NULL,'2017-05-08 14:06:25'),
	(10135,25,'xsid','xsid',120,'int','easyui-numberspinner',1,1,1,1,0,1,NULL,79,1,0,NULL,'2017-05-08 14:06:25'),
	(10134,25,'relations','relations',120,'varchar','easyui-textbox',1,1,1,1,0,1,NULL,78,1,0,NULL,'2017-05-08 14:06:25'),
	(10133,25,'creditLoanMoney','creditLoanMoney',120,'double','easyui-textbox',1,1,1,1,0,1,NULL,77,1,0,NULL,'2017-05-08 14:06:25'),
	(10132,25,'zenterpborrow','zenterpborrow',120,'double','easyui-textbox',1,1,1,1,0,1,NULL,76,1,0,NULL,'2017-05-08 14:06:25'),
	(10131,25,'creditNumber','creditNumber',120,'int','easyui-numberspinner',1,1,1,1,0,1,NULL,75,1,0,NULL,'2017-05-08 14:06:25'),
	(10130,25,'aname','aname',120,'varchar','easyui-textbox',1,1,1,1,0,1,NULL,74,1,0,NULL,'2017-05-08 14:06:25'),
	(10129,25,'ctime','ctime',120,'datetime','easyui-datebox',1,1,1,1,0,1,NULL,73,1,0,NULL,'2017-05-08 14:06:25'),
	(10128,25,'adid','adid',120,'int','easyui-numberspinner',1,1,1,1,0,1,NULL,72,1,0,NULL,'2017-05-08 14:06:25'),
	(10127,25,'contposition','紧急联系人工作职位',120,'varchar','easyui-textbox',1,1,1,1,0,1,NULL,71,1,0,NULL,'2017-05-08 14:06:25'),
	(10126,25,'contworkdep','紧急联系人工作部门',120,'varchar','easyui-textbox',1,1,1,1,0,1,NULL,70,1,0,NULL,'2017-05-08 14:06:25'),
	(10125,25,'contunitaddress','紧急联系人单位地址',120,'varchar','easyui-textbox',1,1,1,1,0,1,NULL,69,1,0,NULL,'2017-05-08 14:06:25'),
	(10124,25,'contunitphone','紧急联系人单位电话',120,'varchar','easyui-textbox',1,1,1,1,0,1,NULL,68,1,0,NULL,'2017-05-08 14:06:25'),
	(10123,25,'contunitname','紧急联系人单位名称',120,'varchar','easyui-textbox',1,1,1,1,0,1,NULL,67,1,0,NULL,'2017-05-08 14:06:25'),
	(10122,25,'contaddress','紧急联系人地址',120,'varchar','easyui-textbox',1,1,1,1,0,1,NULL,66,1,0,NULL,'2017-05-08 14:06:25'),
	(10121,25,'contphone','紧急联系人住宅电话',120,'varchar','easyui-textbox',1,1,1,1,0,1,NULL,65,1,0,NULL,'2017-05-08 14:06:25'),
	(10120,25,'contmobile','紧急联系人电话',120,'varchar','easyui-textbox',1,1,1,1,0,1,NULL,64,1,0,NULL,'2017-05-08 14:06:25'),
	(10119,25,'contloan','经济联系人是否知晓贷款',120,'varchar','easyui-textbox',1,1,1,1,0,1,NULL,63,1,0,NULL,'2017-05-08 14:06:25'),
	(10118,25,'contrelation','紧急联系人关系',120,'varchar','easyui-textbox',1,1,1,1,0,1,NULL,62,1,0,NULL,'2017-05-08 14:06:25'),
	(10117,25,'contsex','紧急联系人性别',120,'varchar','easyui-textbox',1,1,1,1,0,1,NULL,61,1,0,NULL,'2017-05-08 14:06:25'),
	(10116,25,'contage','紧急联系人年龄',120,'int','easyui-numberspinner',1,1,1,1,0,1,NULL,60,1,0,NULL,'2017-05-08 14:06:25'),
	(10115,25,'contname','紧急联系人姓名',120,'varchar','easyui-textbox',1,1,1,1,0,1,NULL,59,1,0,NULL,'2017-05-08 14:06:25'),
	(10114,25,'otherloan','其他贷款',120,'int','easyui-numberspinner',1,1,1,1,0,1,NULL,58,1,0,NULL,'2017-05-08 14:06:25'),
	(10113,25,'creditconsume','信用卡已消费',120,'int','easyui-numberspinner',1,1,1,1,0,1,NULL,57,1,0,NULL,'2017-05-08 14:06:25'),
	(10112,25,'creditlimit','信用卡最高额度',120,'int','easyui-numberspinner',1,1,1,1,0,1,NULL,56,1,0,NULL,'2017-05-08 14:06:25'),
	(10111,25,'bankaccount','用户银行账户',120,'varchar','easyui-textbox',1,1,1,1,0,1,NULL,55,1,0,NULL,'2017-05-08 14:06:25'),
	(10110,25,'age','年龄',120,'int','easyui-numberspinner',1,1,1,1,0,1,NULL,54,1,0,NULL,'2017-05-08 14:06:25'),
	(10109,25,'zsharesratio','占股比例-自雇',120,'varchar','easyui-textbox',1,1,1,1,0,1,NULL,53,1,0,NULL,'2017-05-08 14:06:25'),
	(10108,25,'zmanageplace','经营场所-自雇',120,'varchar','easyui-textbox',1,1,1,1,0,1,NULL,52,1,0,NULL,'2017-05-08 14:06:25'),
	(10107,25,'zenterploan','企业借款-自雇',120,'int','easyui-numberspinner',1,1,1,1,0,1,NULL,51,1,0,NULL,'2017-05-08 14:06:25'),
	(10106,25,'zenterpfund','企业资产-自雇',120,'int','easyui-numberspinner',1,1,1,1,0,1,NULL,50,1,0,NULL,'2017-05-08 14:06:25'),
	(10105,25,'zyearbus','年营业额-自雇',120,'int','easyui-numberspinner',1,1,1,1,0,1,NULL,49,1,0,NULL,'2017-05-08 14:06:25'),
	(10104,25,'zmonincome','月收入—自雇',120,'int','easyui-numberspinner',1,1,1,1,0,1,NULL,48,1,0,NULL,'2017-05-08 14:06:25'),
	(10103,25,'zindustrytype','行业类型-自雇',120,'varchar','easyui-textbox',1,1,1,1,0,1,NULL,47,1,0,NULL,'2017-05-08 14:06:25'),
	(10102,25,'zcompanyname','企业名-自雇',120,'varchar','easyui-textbox',1,1,1,1,0,1,NULL,46,1,0,NULL,'2017-05-08 14:06:25'),
	(10101,25,'gsalaryway','工作发放形式-工薪',120,'varchar','easyui-textbox',1,1,1,1,0,1,NULL,45,1,0,NULL,'2017-05-08 14:06:25'),
	(10100,25,'gworklife','工作年限-工薪',120,'varchar','easyui-textbox',1,1,1,1,0,1,NULL,44,1,0,NULL,'2017-05-08 14:06:25'),
	(10099,25,'gmonincome','月收入-工薪',120,'int','easyui-numberspinner',1,1,1,1,0,1,NULL,43,1,0,NULL,'2017-05-08 14:06:25'),
	(10098,25,'gjoblevel','工作级别-工薪',120,'varchar','easyui-textbox',1,1,1,1,0,1,NULL,42,1,0,NULL,'2017-05-08 14:06:25'),
	(10097,25,'gunitnature','单位性质-工薪',120,'varchar','easyui-textbox',1,1,1,1,0,1,NULL,41,1,0,NULL,'2017-05-08 14:06:25'),
	(10096,25,'gunitname','单位名称-工薪',120,'varchar','easyui-textbox',1,1,1,1,0,1,NULL,40,1,0,NULL,'2017-05-08 14:06:25'),
	(10095,25,'job','职业',120,'varchar','easyui-textbox',1,1,1,1,0,1,NULL,39,1,0,NULL,'2017-05-08 14:06:25'),
	(10094,25,'familyaddress','家庭地址',120,'varchar','easyui-textbox',1,1,1,1,0,1,NULL,38,1,0,NULL,'2017-05-08 14:06:25'),
	(10093,25,'marriagestatus','婚姻状态',120,'varchar','easyui-textbox',1,1,1,1,0,1,NULL,37,1,0,NULL,'2017-05-08 14:06:25'),
	(10092,25,'homestatus','置业状况',120,'varchar','easyui-textbox',1,1,1,1,0,1,NULL,36,1,0,NULL,'2017-05-08 14:06:25'),
	(10091,25,'applyamount','申请金额',120,'double','easyui-textbox',1,1,1,1,0,1,NULL,35,1,0,NULL,'2017-05-08 14:06:25'),
	(10090,25,'loanproduct','贷款产品',120,'varchar','easyui-textbox',1,1,1,1,0,1,NULL,34,1,0,NULL,'2017-05-08 14:06:25'),
	(10089,25,'fristpayratio','首付比例',120,'int','easyui-numberspinner',1,1,1,1,0,1,NULL,33,1,0,NULL,'2017-05-08 14:06:25'),
	(10088,25,'buyhouseamount','购房金额',120,'int','easyui-numberspinner',1,1,1,1,0,1,NULL,32,1,0,NULL,'2017-05-08 14:06:25'),
	(10087,25,'familycount','家庭人口数量',120,'int','easyui-numberspinner',1,1,1,1,0,1,NULL,31,1,0,NULL,'2017-05-08 14:06:25'),
	(10086,25,'salaryway','工资发放形式',120,'varchar','easyui-textbox',1,1,1,1,0,1,NULL,30,1,0,NULL,'2017-05-08 14:06:25'),
	(10085,25,'domloction','户籍所在地',120,'varchar','easyui-textbox',1,1,1,1,0,1,NULL,29,1,0,NULL,'2017-05-08 14:06:25'),
	(10084,25,'health','健康状况',120,'varchar','easyui-textbox',1,1,1,1,0,1,NULL,28,1,0,NULL,'2017-05-08 14:06:25'),
	(10083,25,'higdegree','最高学位',120,'varchar','easyui-textbox',1,1,1,1,0,1,NULL,27,1,0,NULL,'2017-05-08 14:06:25'),
	(10082,25,'pidunit','发证机关',120,'varchar','easyui-textbox',1,1,1,1,0,1,NULL,26,1,0,NULL,'2017-05-08 14:06:25'),
	(10081,25,'pidvaildity','证件有效期',120,'date','easyui-datebox',1,1,1,1,0,1,NULL,25,1,0,NULL,'2017-05-08 14:06:25'),
	(10080,25,'pidtype','证件类型',120,'varchar','easyui-textbox',1,1,1,1,0,1,NULL,24,1,0,NULL,'2017-05-08 14:06:25'),
	(10079,25,'nation','民族',120,'varchar','easyui-textbox',1,1,1,1,0,1,NULL,23,1,0,NULL,'2017-05-08 14:06:25'),
	(10078,25,'natiomality','国籍',120,'varchar','easyui-textbox',1,1,1,1,0,1,NULL,22,1,0,NULL,'2017-05-08 14:06:25'),
	(10077,25,'birthday','出生年月',120,'date','easyui-datebox',1,1,1,1,0,1,NULL,21,1,0,NULL,'2017-05-08 14:06:25'),
	(10076,25,'sex','客户性别',120,'varchar','easyui-textbox',1,1,1,1,0,1,NULL,20,1,0,NULL,'2017-05-08 14:06:25'),
	(10075,25,'etime','贷款结束时间',120,'date','easyui-datebox',1,1,1,1,0,1,NULL,19,1,0,NULL,'2017-05-08 14:06:25'),
	(10074,25,'stime','贷款开始时间',120,'date','easyui-datebox',1,1,1,1,0,1,NULL,18,1,0,NULL,'2017-05-08 14:06:25'),
	(10073,25,'price','贷款金额',120,'int','easyui-numberspinner',1,1,1,1,0,0,NULL,17,1,0,NULL,'2017-05-08 14:06:25'),
	(10072,25,'ordercode','订单id',120,'varchar','easyui-textbox',1,1,1,1,0,1,NULL,16,1,0,NULL,'2017-05-08 14:06:25'),
	(10071,25,'tempcontent','修改数据',120,'varchar','easyui-textbox',1,1,1,1,0,1,NULL,15,1,0,NULL,'2017-05-08 14:06:25'),
	(10070,25,'score','按模型计算得分',120,'int','easyui-numberspinner',1,1,1,1,0,1,NULL,14,1,0,NULL,'2017-05-08 14:06:25'),
	(10069,25,'mid','使用模型',120,'int','easyui-numberspinner',1,1,1,1,0,1,NULL,13,1,0,NULL,'2017-05-08 14:06:25'),
	(10068,25,'status','状态',120,'int','easyui-numberspinner',1,1,1,1,0,1,NULL,12,1,0,NULL,'2017-05-08 14:06:25'),
	(10067,25,'type','客户类型',120,'int','easyui-numberspinner',1,1,1,1,0,1,NULL,11,1,0,NULL,'2017-05-08 14:06:25'),
	(10066,25,'pname','项目名',120,'varchar','easyui-textbox',1,1,1,1,0,1,NULL,10,1,0,NULL,'2017-05-08 14:06:25'),
	(10065,25,'pid','项目id',120,'int','easyui-numberspinner',1,1,1,1,0,1,NULL,9,1,0,NULL,'2017-05-08 14:06:25'),
	(10064,25,'cityname','城市名',120,'varchar','easyui-textbox',1,1,1,1,0,1,NULL,8,1,0,NULL,'2017-05-08 14:06:25'),
	(10063,25,'cityid','城市id',120,'int','easyui-numberspinner',1,1,1,1,0,1,NULL,7,1,0,NULL,'2017-05-08 14:06:25'),
	(10062,25,'mobile','客户手机号码',120,'varchar','easyui-textbox',1,1,1,1,0,1,NULL,6,1,0,NULL,'2017-05-08 14:06:25'),
	(10061,25,'idcard','客户身份证',120,'varchar','easyui-textbox',1,1,1,1,0,1,NULL,5,1,0,NULL,'2017-05-08 14:06:25'),
	(10060,25,'name','客户姓名',120,'varchar','easyui-textbox',1,1,1,1,1,1,'',4,1,0,'','2017-05-08 14:06:25'),
	(10059,25,'parentid','主借人id',120,'int','easyui-numberspinner',1,1,1,1,1,1,'',3,1,0,'','2017-05-08 14:06:25'),
	(10058,25,'source','客户来源',120,'int','easyui-numberspinner',1,1,1,1,1,1,'',2,1,0,'','2017-05-08 14:06:25'),
	(10057,25,'cid','主键客户信息表',120,'int','easyui-numberspinner',1,1,1,1,0,0,NULL,1,1,0,NULL,'2017-05-08 14:06:25'),
	(10160,25,'urgentlevel','紧急程度',120,'varchar','easyui-textbox',1,1,1,1,0,1,NULL,104,1,0,NULL,'2017-05-08 14:06:25'),
	(10161,25,'applyloandate','申请放款时间',120,'date','easyui-datebox',1,1,1,1,0,1,NULL,105,1,0,NULL,'2017-05-08 14:06:25'),
	(10162,25,'accountbranch','开户支行',120,'varchar','easyui-textbox',1,1,1,1,0,1,NULL,106,1,0,NULL,'2017-05-08 14:06:25'),
	(10163,25,'loanbankaccount','还款银行卡号',120,'varchar','easyui-textbox',1,1,1,1,0,1,NULL,107,1,0,NULL,'2017-05-08 14:06:25'),
	(10164,25,'houseConsultant','职业顾问',120,'varchar','easyui-textbox',1,1,1,1,0,1,NULL,108,1,0,NULL,'2017-05-08 14:06:25'),
	(10165,25,'consultantphone','顾问号码',120,'varchar','easyui-textbox',1,1,1,1,0,1,NULL,109,1,0,NULL,'2017-05-08 14:06:25'),
	(10166,25,'refundamount','退款金额',120,'int','easyui-numberspinner',1,1,1,1,0,1,NULL,110,1,0,NULL,'2017-05-08 14:06:25'),
	(10167,25,'refundtime','退款时间',120,'date','easyui-datebox',1,1,1,1,0,1,NULL,111,1,0,NULL,'2017-05-08 14:06:25'),
	(10168,25,'loanMoney','loanMoney',120,'double','easyui-textbox',1,1,1,1,0,1,NULL,112,1,0,NULL,'2017-05-08 14:06:25'),
	(10169,25,'creditLevel','信用卡等级',120,'varchar','easyui-textbox',1,1,1,1,0,1,NULL,113,1,0,NULL,'2017-05-08 14:06:25'),
	(10170,25,'buyhouseaddress','客户新买房新地址',120,'varchar','easyui-textbox',1,1,1,1,0,1,NULL,114,1,0,NULL,'2017-05-08 14:06:25'),
	(10171,25,'gjrelation','共借人关系',120,'varchar','easyui-textbox',1,1,1,1,0,1,NULL,115,1,0,NULL,'2017-05-08 14:06:25'),
	(10172,25,'approvalopinion','审批意见',120,'varchar','easyui-textbox',1,1,1,1,0,1,NULL,116,1,0,NULL,'2017-05-08 14:06:25'),
	(10173,25,'archstatus','资料归档情况',120,'varchar','easyui-textbox',1,1,1,1,0,1,NULL,117,1,0,NULL,'2017-05-08 14:06:25'),
	(10174,25,'archtime','资料归档时间',120,'date','easyui-datebox',1,1,1,1,0,1,NULL,118,1,0,NULL,'2017-05-08 14:06:25'),
	(10175,25,'archremark','资料归档备注',120,'varchar','easyui-textbox',1,1,1,1,0,1,NULL,119,1,0,NULL,'2017-05-08 14:06:25'),
	(10176,25,'mortgagestatus','按揭情况',120,'varchar','easyui-textbox',1,1,1,1,0,1,NULL,120,1,0,NULL,'2017-05-08 14:06:25'),
	(10177,25,'mortgageremark','按揭备注',120,'varchar','easyui-textbox',1,1,1,1,0,1,NULL,121,1,0,NULL,'2017-05-08 14:06:25'),
	(10178,25,'repaystatus','还款情况',120,'varchar','easyui-textbox',1,1,1,1,0,1,NULL,122,1,0,NULL,'2017-05-08 14:06:25'),
	(10179,25,'overduecount','逾期次数',120,'varchar','easyui-textbox',1,1,1,1,0,1,NULL,123,1,0,NULL,'2017-05-08 14:06:25'),
	(10180,25,'overfueremark','逾期记录',120,'varchar','easyui-textbox',1,1,1,1,0,1,NULL,124,1,0,NULL,'2017-05-08 14:06:25'),
	(10181,25,'cheLoanMoney','cheLoanMoney',120,'int','easyui-numberspinner',1,1,1,1,0,1,NULL,125,1,0,NULL,'2017-05-08 14:06:25'),
	(10182,25,'houseLoanMoney','houseLoanMoney',120,'int','easyui-numberspinner',1,1,1,1,0,1,NULL,126,1,0,NULL,'2017-05-08 14:06:25');

/*!40000 ALTER TABLE `zcurd_field` ENABLE KEYS */;
UNLOCK TABLES;


# Dump of table zcurd_head
# ------------------------------------------------------------

DROP TABLE IF EXISTS `zcurd_head`;

CREATE TABLE `zcurd_head` (
  `id` int(11) unsigned NOT NULL AUTO_INCREMENT,
  `table_name` varchar(100) DEFAULT NULL COMMENT '数据库表名',
  `form_name` varchar(100) DEFAULT NULL COMMENT '表单名称',
  `id_field` varchar(50) DEFAULT 'id' COMMENT '主键字段',
  `is_auto` int(11) DEFAULT '1' COMMENT '是否自增',
  `form_type` int(11) DEFAULT '1' COMMENT '表单类型（1:单表,2:主从）',
  `dialog_size` varchar(50) NOT NULL DEFAULT '600x400' COMMENT '弹窗大小',
  `db_source` varchar(50) DEFAULT NULL COMMENT '数据源',
  `handle_class` varchar(100) DEFAULT NULL COMMENT '处理类',
  `create_time` timestamp NULL DEFAULT CURRENT_TIMESTAMP COMMENT '创建时间',
  PRIMARY KEY (`id`)
) ENGINE=MyISAM DEFAULT CHARSET=utf8 COMMENT='在线表单';

LOCK TABLES `zcurd_head` WRITE;
/*!40000 ALTER TABLE `zcurd_head` DISABLE KEYS */;

INSERT INTO `zcurd_head` (`id`, `table_name`, `form_name`, `id_field`, `is_auto`, `form_type`, `dialog_size`, `db_source`, `handle_class`, `create_time`)
VALUES
	(1,'zcurd_head_btn','表单扩展按钮','id',1,1,'600x400','zcurd_base','com.zcurd.common.handler.FlushFormCurdHandle','2016-01-11 21:58:48'),
	(2,'zcurd_head_js','表单扩展js','id',1,1,'600x400','zcurd_base','com.zcurd.common.handler.FlushFormCurdHandle','2016-01-12 15:35:01'),
	(5,'sys_menu_btn','菜单按钮（权限编辑）','id',1,1,'400x300','zcurd_base',NULL,'2016-02-14 16:35:56'),
	(6,'sys_menu_datarule','菜单数据（权限编辑）','id',1,1,'400x300','zcurd_base',NULL,'2016-02-25 23:55:58'),
	(7,'sys_dict','数据字典','id',1,1,'400x300','zcurd_base',NULL,'2016-03-01 04:39:14'),
	(8,'sys_role','角色管理','id',1,1,'400x300','zcurd_base',NULL,'2016-02-12 01:58:39'),
	(18,'images','图片管理','id',1,1,'600x400','zcurd_busi',NULL,'2016-12-20 00:17:53'),
	(12,'sys_user','用户管理','id',1,1,'400x300','zcurd_base','com.zcurd.common.handler.PasswordCurdHandle','2016-01-07 21:31:45'),
	(15,'customer','客户管理','cid',1,1,'800x600','zcurd_busi',NULL,'2016-09-18 17:31:32'),
	(16,'stock_history_log','股票历史数据','id',1,1,'700x500','zcurd_busi',NULL,'2016-09-18 17:31:55'),
	(17,'claw_book_url','小说管理','id',1,1,'600x400','zcurd_busi',NULL,'2016-09-18 17:40:23'),
	(20,'stock_history_log','股票历史数据','id',1,1,'700x500','zcurd_busi',NULL,'2016-12-21 23:07:45'),
	(21,'claw_book_url','小说链接','id',1,1,'600x400','zcurd_busi',NULL,'2016-12-21 23:09:46'),
	(22,'images','图片管理','id',1,1,'600x400','zcurd_busi',NULL,'2016-12-21 23:12:51'),
	(23,'task_base','定时任务','id',1,1,'600x400','zcurd_base',NULL,'2017-03-04 16:10:22'),
	(24,'task_log','定时任务-日志','id',1,1,'600x400','zcurd_base',NULL,'2017-03-15 00:07:20'),
	(25,'customer','客户管理','cid',1,1,'600x400','zcurd_busi',NULL,'2017-05-08 14:06:25');

/*!40000 ALTER TABLE `zcurd_head` ENABLE KEYS */;
UNLOCK TABLES;


# Dump of table zcurd_head_btn
# ------------------------------------------------------------

DROP TABLE IF EXISTS `zcurd_head_btn`;

CREATE TABLE `zcurd_head_btn` (
  `id` int(11) NOT NULL AUTO_INCREMENT COMMENT 'id',
  `head_id` int(11) DEFAULT NULL COMMENT '所属表单',
  `btn_name` varchar(50) DEFAULT NULL COMMENT '按钮名称',
  `btn_icon` varchar(50) DEFAULT NULL COMMENT '按钮图标',
  `location` int(11) DEFAULT '1' COMMENT '按钮位置（1：顶部，2：行内）',
  `action` int(11) DEFAULT '1' COMMENT '行为（0：无，1：打开子页面）',
  `func_content` text COMMENT '方法内容',
  `create_time` timestamp NOT NULL DEFAULT CURRENT_TIMESTAMP COMMENT '创建时间',
  PRIMARY KEY (`id`)
) ENGINE=MyISAM DEFAULT CHARSET=utf8 COMMENT='表单按钮';

LOCK TABLES `zcurd_head_btn` WRITE;
/*!40000 ALTER TABLE `zcurd_head_btn` DISABLE KEYS */;

INSERT INTO `zcurd_head_btn` (`id`, `head_id`, `btn_name`, `btn_icon`, `location`, `action`, `func_content`, `create_time`)
VALUES
	(1,8,'权限设置',NULL,2,1,'function(index) {\r\n var row = datagrid.datagrid(\"getRows\")[index];\r\n  //var url = basePath + \"/zcurd/135/listPage?riskgradeid=\" + row.id;\r\n var url = basePath + \"/role/editAuthPage?roleId=\" + row.id;\r\n _openSubPage(url);\r\n}','2016-02-12 21:23:10'),
	(2,134,'管理',NULL,2,1,'function(index) {\n var row = datagrid.datagrid(\"getRows\")[index];\n  var url = basePath + \"/zcurd/135/listPage?riskgradeid=\" + row.id;\n _openSubPage(url);\n}','2016-01-12 13:28:50'),
	(3,133,'测试',NULL,2,0,'function(){}','2016-01-13 09:30:35'),
	(4,12,'重置密码','glyphicon-repeat',1,0,'function() {\n    var rowsSel = datagrid.datagrid(\"getSelections\");\n	if(rowsSel.length != 1) {\n		showWarnMsg(\"请选择需要重置密码的一条数据！\");\n		return;\n	}\n	confirmMsg(\"确认重置密码？\", function() {\n		var id = rowsSel[0].id;\n		$.post(basePath + \"/user/resetPassword\", {id: id}, function() {\n			showMsg(\"密码重置成功！\");\n		});\n	});\n}','2017-01-27 13:44:37'),
	(5,23,'停止','xx',2,0,'function() {\n\n}','2017-03-12 23:12:56'),
	(6,22,'aaabbbcc','aaa',1,0,'function() {}','2017-04-12 00:46:35');

/*!40000 ALTER TABLE `zcurd_head_btn` ENABLE KEYS */;
UNLOCK TABLES;


# Dump of table zcurd_head_js
# ------------------------------------------------------------

DROP TABLE IF EXISTS `zcurd_head_js`;

CREATE TABLE `zcurd_head_js` (
  `id` int(11) NOT NULL AUTO_INCREMENT COMMENT 'id',
  `head_id` int(11) DEFAULT NULL COMMENT '所属表单',
  `page` varchar(50) DEFAULT NULL COMMENT '页面',
  `sql_content` varchar(2000) DEFAULT NULL COMMENT '扩展sql',
  `js_content` text COMMENT '扩展js',
  `create_time` timestamp NOT NULL DEFAULT CURRENT_TIMESTAMP COMMENT '创建时间',
  PRIMARY KEY (`id`)
) ENGINE=MyISAM DEFAULT CHARSET=utf8 COMMENT='表单扩展js';

LOCK TABLES `zcurd_head_js` WRITE;
/*!40000 ALTER TABLE `zcurd_head_js` DISABLE KEYS */;

INSERT INTO `zcurd_head_js` (`id`, `head_id`, `page`, `sql_content`, `js_content`, `create_time`)
VALUES
	(1,134,'list',NULL,'var operateWidth = 80;\r\nvar subPageWidth = \"50%\";\r\nvar subPageTitle = \"等级详情\";\r\ndgOptions.singleSelect=true;','2016-01-12 16:25:45'),
	(2,5,'list',NULL,'$(\"#searchBtnWrap\").hide();\n$(\".wrap_search\").hide();\ndgOptions.pageSize=1000;\ndgOptions.pagination=false;\n\nwindow.parent.getDgSelections = function() {\n    return datagrid.datagrid(\"getSelections\");\n}\n\ndgOptions.onLoadSuccess = selectAuthRow;\nfunction selectAuthRow() {\n  	var btnIds = window.parent.getCurrMenuBtns();\n 	var rows = datagrid.datagrid(\"getData\").rows;\n 	if(btnIds && rows.length > 0) {\n   		$.each(rows, function(i, item) {\n      		$.each(btnIds, function(j, btnId) {\n	       		if(item.id == btnId) {\n	          		datagrid.datagrid(\"selectRow\", i);\n	        	}\n     		});\n   		});\n 	}\n\n 	//如果无数据，则显示一键生成\n	if(rows.length == 0) {\n		genAuthBtnBatch();\n	}\n}\n\n//显示一键生成\nfunction genAuthBtnBatch() {\n	$(\"<button id=\'genAuthBtnBatchBtn\' style=\'position: fixed; top: 120px; left: 50%; margin-left: -30px; padding: 2px;\'>一键生成<button>\")\n	.linkbutton().click(function() {\n		$.post(\"../../role/genAuthBtnBatch\", {menuId: $(\"#menu_id\").val()}, function() {\n			$(\"#genAuthBtnBatchBtn\").remove();\n			showMsg(\"生成成功！\");\n			datagrid.datagrid(\"reload\");\n		});\n	}).appendTo(\"body\");\n}','2016-02-15 11:13:14'),
	(3,8,'list',NULL,'var operateWidth = 80;\nvar subPageWidth = \"55%\";\nvar subPageTitle = \"权限设置\";\ndgOptions.singleSelect=true;','2016-02-16 16:32:31'),
	(4,131,'update',NULL,'$(function() {\n  changeComboboxToMult(\"roles\");\n});','2016-02-23 23:09:57'),
	(5,12,'add',NULL,'$(function() {\n changeComboboxToMult(\"roles\");\n});','2016-02-23 23:10:03'),
	(6,152,'list',NULL,'$(\"#searchBtnWrap\").hide();\n$(\".wrap_search\").hide();\ndgOptions.pageSize=1000;\ndgOptions.pagination=false;\n\nwindow.parent.getDgSelections2 = function() {\n    return datagrid.datagrid(\"getSelections\");\n}\n\ndgOptions.onLoadSuccess = selectAuthRow;\nfunction selectAuthRow() {\n var dataruleIds = window.parent.getCurrMenuDatarules();\n var rows = datagrid.datagrid(\"getData\").rows;\n if(dataruleIds && rows.length > 0) {\n    $.each(rows, function(i, item) {\n      $.each(dataruleIds, function(j, dataruleId) {\n       if(item.id == dataruleId) {\n         datagrid.datagrid(\"selectRow\", i);\n        }\n     });\n   });\n }\n}','2016-02-15 11:13:14'),
	(7,6,'list',NULL,'$(\"#searchBtnWrap\").hide();\n$(\".wrap_search\").hide();\ndgOptions.pageSize=1000;\ndgOptions.pagination=false;\n\nwindow.parent.getDgSelections2 = function() {\n    return datagrid.datagrid(\"getSelections\");\n}\n\ndgOptions.onLoadSuccess = selectAuthRow;\nfunction selectAuthRow() {\n	var dataruleIds = window.parent.getCurrMenuDatarules();\n	var rows = datagrid.datagrid(\"getData\").rows;\n	if(dataruleIds && rows.length > 0) {\n		$.each(rows, function(i, item) {\n			$.each(dataruleIds, function(j, dataruleId) {\n				if(item.id == dataruleId) {\n					datagrid.datagrid(\"selectRow\", i);\n				}\n			});\n		});\n	}\n}','2016-09-27 00:17:56'),
	(8,12,'update,detail',NULL,'$(function() {\n changeComboboxToMult(\"roles\");\n});','2016-09-27 00:40:00'),
	(13,6,'update,add',NULL,'$(\"#value_label\").html(\"<a class=\'symbol_var\' title=\'支持变量\'>$</a>\" + $(\"#value_label\").html())','2017-02-26 00:39:55'),
	(9,2,'update,add',NULL,'$(function() {\n changeComboboxToMult(\"page\");\n});','2016-11-19 19:52:45'),
	(14,24,'list',NULL,'$(\"#searchBtnWrap\").hide();\n$(\".wrap_search\").hide();\n\n$(\"#tb\").remove();','2017-03-15 23:59:42');

/*!40000 ALTER TABLE `zcurd_head_js` ENABLE KEYS */;
UNLOCK TABLES;



--
-- Dumping routines (PROCEDURE) for database 'zcurd_base'
--
DELIMITER ;;

# Dump of PROCEDURE pro_test
# ------------------------------------------------------------

/*!50003 DROP PROCEDURE IF EXISTS `pro_test` */;;
/*!50003 SET SESSION SQL_MODE="STRICT_TRANS_TABLES,NO_ENGINE_SUBSTITUTION"*/;;
/*!50003 CREATE*/ /*!50020 DEFINER=`root`@`localhost`*/ /*!50003 PROCEDURE `pro_test`()
BEGIN
	select 1;
END */;;

/*!50003 SET SESSION SQL_MODE=@OLD_SQL_MODE */;;
DELIMITER ;

/*!40111 SET SQL_NOTES=@OLD_SQL_NOTES */;
/*!40101 SET SQL_MODE=@OLD_SQL_MODE */;
/*!40014 SET FOREIGN_KEY_CHECKS=@OLD_FOREIGN_KEY_CHECKS */;
/*!40101 SET CHARACTER_SET_CLIENT=@OLD_CHARACTER_SET_CLIENT */;
/*!40101 SET CHARACTER_SET_RESULTS=@OLD_CHARACTER_SET_RESULTS */;
/*!40101 SET COLLATION_CONNECTION=@OLD_COLLATION_CONNECTION */;
